Rk,Player,Nation,Pos,Squad,Age,Born,90s,Gls,Shots,SoT,SoT%,Sh/90,SoT/90,G/Sh,G/SoT,Dist,FK,PK,PKatt,xG,npxG,npxG/Sh,G-xG,np:G-xG
1,Brenden Aaronson,us USA,MFFW,Leeds United,22-104,2000,17.4,1,26,5,19.2,1.49,0.29,0.04,0.2,18.6,1,0,0,2.4,2.4,0.09,-1.4,-1.4
2,Che Adams,sct SCO,FW,Southampton,26-205,1996,16.4,4,35,13,37.1,2.13,0.79,0.11,0.31,14.4,0,0,0,4.6,4.6,0.13,-0.6,-0.6
3,Tyler Adams,us USA,MF,Leeds United,23-354,1999,17,0,2,0,0,0.12,0,0,,29.4,0,0,0,0,0,0.02,0,0
4,Tosin Adarabioyo,eng ENG,DF,Fulham,25-132,1997,12.2,1,4,2,50,0.33,0.16,0.25,0.5,16.4,0,0,0,0.2,0.2,0.04,0.8,0.8
5,Nayef Aguerd,ma MAR,DF,West Ham,26-310,1996,3.8,0,2,0,0,0.52,0,0,,8,0,0,0,0.5,0.5,0.23,-0.5,-0.5
6,Rayan Aït Nouri,fr FRA,DF,Wolves,21-242,2001,8.7,1,10,5,50,1.15,0.57,0.1,0.2,14.1,0,0,0,0.7,0.7,0.07,0.3,0.3
7,Kristoffer Ajer,no NOR,DF,Brentford,24-292,1998,7.5,0,1,0,0,0.13,0,0,,6,0,0,0,0,0,0.04,0,0
8,Manuel Akanji,ch SUI,DF,Manchester City,27-199,1995,13.3,0,9,1,11.1,0.68,0.08,0,0,17.7,0,0,0,0.5,0.5,0.06,-0.5,-0.5
9,Nathan Aké,nl NED,DF,Manchester City,27-350,1995,11.8,0,4,0,0,0.34,0,0,,10.5,0,0,0,0.2,0.2,0.06,-0.2,-0.2
10,Marc Albrighton,eng ENG,FWMF,Leicester City,33-077,1989,2.6,1,2,1,50,0.76,0.38,0.5,1,8,0,0,0,0.3,0.3,0.17,0.7,0.7
11,Thiago Alcántara,es ESP,MF,Liverpool,31-298,1991,11.9,0,9,1,11.1,0.76,0.08,0,0,25.2,0,0,0,0.4,0.4,0.05,-0.4,-0.4
12,Carlos Alcaraz,ar ARG,MF,Southampton,20-065,2002,0.3,0,0,0,,0,0,,,,0,0,0,0,0,,0,0
13,Trent Alexander-Arnold,eng ENG,DF,Liverpool,24-119,1998,15,1,18,3,16.7,1.2,0.2,0.06,0.33,22,2,0,0,1.3,1.3,0.07,-0.3,-0.3
14,Alisson,br BRA,GK,Liverpool,30-124,1992,19,0,0,0,,0,0,,,,0,0,0,0,0,,0,0
15,Dele Alli,eng ENG,MF,Everton,26-298,1996,0.4,0,0,0,,0,0,,,,0,0,0,0,0,,0,0
16,Miguel Almirón,py PAR,FW,Newcastle Utd,28-358,1994,18.4,9,46,14,30.4,2.5,0.76,0.2,0.64,17,0,0,0,5.4,5.4,0.12,3.6,3.6
17,Julián Álvarez,ar ARG,FWMF,Manchester City,23-003,2000,5.4,4,16,8,50,2.95,1.48,0.25,0.5,15.3,0,0,0,1.9,1.9,0.12,2.1,2.1
18,Daniel Amartey,gh GHA,DF,Leicester City,28-044,1994,15.2,0,3,2,66.7,0.2,0.13,0,0,25.2,0,0,0,0.1,0.1,0.02,-0.1,-0.1
19,Joachim Andersen,dk DEN,DF,Crystal Palace,26-248,1996,16.4,1,11,5,45.5,0.67,0.3,0.09,0.2,11,0,0,0,1.1,1.1,0.1,-0.1,-0.1
20,Elliot Anderson,sct SCO,FWMF,Newcastle Utd,20-089,2002,1.2,0,4,1,25,3.46,0.87,0,0,12,0,0,0,0.5,0.5,0.12,-0.5,-0.5
21,Jaidon Anthony,eng ENG,MFFW,Bournemouth,23-064,1999,7.1,3,14,10,71.4,1.97,1.4,0.21,0.3,19.3,2,0,0,1.3,1.3,0.1,1.7,1.7
22,Michail Antonio,jm JAM,FW,West Ham,32-312,1990,10.1,2,21,7,33.3,2.09,0.7,0.1,0.29,14.3,0,0,0,2.5,2.5,0.12,-0.5,-0.5
23,Antony,br BRA,FW,Manchester Utd,22-344,2000,9.2,3,31,13,41.9,3.37,1.41,0.1,0.23,20.3,0,0,0,2.7,2.7,0.09,0.3,0.3
24,Cameron Archer,eng ENG,FWMF,Aston Villa,21-197,2001,0.5,0,0,0,,0,0,,,,0,0,0,0,0,,0,0
25,Alphonse Areola,fr FRA,GK,West Ham,29-341,1993,1.2,0,0,0,,0,0,,,,0,0,0,0,0,,0,0
26,Joe Aribo,ng NGA,MFFW,Southampton,26-197,1996,12,2,13,8,61.5,1.08,0.67,0.15,0.25,10.7,0,0,0,1.4,1.4,0.11,0.6,0.6
27,Adam Armstrong,eng ENG,FW,Southampton,25-358,1997,11.3,1,18,8,44.4,1.59,0.71,0.06,0.13,15.9,0,0,0,1.4,1.4,0.08,-0.4,-0.4
28,Stuart Armstrong,sct SCO,MFFW,Southampton,30-310,1992,8.5,1,13,3,23.1,1.53,0.35,0.08,0.33,18.4,0,0,0,1.1,1.1,0.09,-0.1,-0.1
29,Kepa Arrizabalaga,es ESP,GK,Chelsea,28-123,1994,11.5,0,0,0,,0,0,,,,0,0,0,0,0,,0,0
30,Pierre-Emerick Aubameyang,ga GAB,FW,Chelsea,33-230,1989,4.8,1,10,5,50,2.08,1.04,0.1,0.2,15.3,0,0,0,0.7,0.7,0.07,0.3,0.3
31,Ludwig Augustinsson,se SWE,DF,Aston Villa,28-288,1994,0.9,0,2,1,50,2.34,1.17,0,0,12.7,0,0,0,0.1,0.1,0.04,-0.1,-0.1
32,Serge Aurier,ci CIV,DF,Nott'ham Forest,30-041,1992,10.5,1,5,1,20,0.48,0.1,0.2,1,15.2,0,0,0,0.5,0.5,0.1,0.5,0.5
33,Taiwo Awoniyi,ng NGA,FW,Nott'ham Forest,25-175,1997,8.1,4,19,8,42.1,2.34,0.99,0.21,0.5,11.9,0,0,0,4.5,4.5,0.25,-0.5,-0.5
34,Jordan Ayew,gh GHA,FWMF,Crystal Palace,31-145,1991,14.8,1,13,6,46.2,0.88,0.4,0.08,0.17,15.1,0,0,0,1.4,1.4,0.11,-0.4,-0.4
35,Luke Ayling,eng ENG,DF,Leeds United,31-162,1991,5.8,0,3,0,0,0.52,0,0,,16.9,0,0,0,0.2,0.2,0.05,-0.2,-0.2
36,César Azpilicueta,es ESP,DF,Chelsea,33-159,1989,11,0,5,1,20,0.45,0.09,0,0,20.5,0,0,0,0.2,0.2,0.04,-0.2,-0.2
37,Benoît Badiashile,fr FRA,DF,Chelsea,21-314,2001,2,0,1,1,100,0.5,0.5,0,0,4.2,0,0,0,0.3,0.3,0.33,-0.3,-0.3
38,Leon Bailey,jm JAM,FWMF,Aston Villa,25-178,1997,13.7,4,31,10,32.3,2.26,0.73,0.13,0.4,16.9,2,0,0,3.9,3.9,0.12,0.1,0.1
39,Stefan Bajcetic,es ESP,MF,Liverpool,18-104,2004,1.3,1,2,1,50,1.51,0.76,0.5,1,13.1,0,0,0,0.6,0.6,0.29,0.4,0.4
40,Patrick Bamford,eng ENG,FW,Leeds United,29-151,1993,5.2,1,18,9,50,3.48,1.74,0.06,0.11,13.8,0,0,1,4.6,3.8,0.21,-3.6,-2.8
41,Shandon Baptiste,gd GRN,MF,Brentford,24-301,1998,4.8,0,2,1,50,0.42,0.21,0,0,16.9,0,0,0,0.2,0.2,0.1,-0.2,-0.2
42,Harvey Barnes,eng ENG,MFFW,Leicester City,25-056,1997,16.8,7,43,20,46.5,2.55,1.19,0.16,0.35,16.2,0,0,0,5.4,5.4,0.13,1.6,1.6
43,Gavin Bazunu,ie IRL,GK,Southampton,20-348,2002,20,0,0,0,,0,0,,,,0,0,0,0,0,,0,0
44,Mads Bech Sørensen,dk DEN,DFMF,Brentford,24-027,1999,0.2,0,0,0,,0,0,,,,0,0,0,0,0,,0,0
45,Jan Bednarek,pl POL,DF,Southampton,26-297,1996,1.8,0,1,0,0,0.57,0,0,,12.6,0,0,0,0.1,0.1,0.06,-0.1,-0.1
46,Jan Bednarek,pl POL,DF,Aston Villa,26-297,1996,1.1,0,0,0,,0,0,,,,0,0,0,0,0,,0,0
47,Donny van de Beek,nl NED,MF,Manchester Utd,25-291,1997,1.9,0,2,0,0,1.08,0,0,,10.1,0,0,0,0.1,0.1,0.05,-0.1,-0.1
48,Asmir Begović,ba BIH,GK,Everton,35-228,1987,1,0,0,0,,0,0,,,,0,0,0,0,0,,0,0
49,Armel Bella Kotchap,de GER,DF,Southampton,21-054,2001,11.4,0,10,1,10,0.88,0.09,0,0,16.9,0,0,0,0.7,0.7,0.07,-0.7,-0.7
50,Saïd Benrahma,dz ALG,FWMF,West Ham,27-177,1995,11.7,3,34,11,32.4,2.9,0.94,0.03,0.09,22.4,2,2,2,3.5,1.9,0.06,-0.5,-0.9
51,Rodrigo Bentancur,uy URU,MF,Tottenham,25-223,1997,15,4,12,7,58.3,0.8,0.47,0.33,0.57,15.5,0,0,0,1.4,1.4,0.12,2.6,2.6
52,Owen Bevan,wls WAL,DF,Bournemouth,19-100,2003,0.1,0,0,0,,0,0,,,,0,0,0,0,0,,0,0
53,Giulian Biancone,fr FRA,DF,Nott'ham Forest,22-309,2000,0.2,0,0,0,,0,0,,,,0,0,0,0,0,,0,0
54,Philip Billing,dk DEN,MFFW,Bournemouth,26-237,1996,15.6,4,18,9,50,1.16,0.58,0.22,0.44,19.2,3,0,0,1.6,1.6,0.09,2.4,2.4
55,Yves Bissouma,ml MLI,MF,Tottenham,26-157,1996,9,0,5,0,0,0.56,0,0,,26.2,0,0,0,0.2,0.2,0.03,-0.2,-0.2
56,Willy Boly,ci CIV,DF,Nott'ham Forest,32-000,1991,5.5,0,1,0,0,0.18,0,0,,22.1,0,0,0,0,0,0.02,0,0
57,Sven Botman,nl NED,DF,Newcastle Utd,23-022,2000,16.7,0,9,3,33.3,0.54,0.18,0,0,12,0,0,0,0.8,0.8,0.09,-0.8,-0.8
58,Jarrod Bowen,eng ENG,FWMF,West Ham,26-045,1996,19.9,4,43,10,23.3,2.16,0.5,0.07,0.3,16,1,1,2,6.2,5.2,0.12,-2.2,-2.2
59,Armando Broja,al ALB,FW,Chelsea,21-146,2001,3.3,1,6,5,83.3,1.84,1.53,0.17,0.2,11,0,0,0,0.8,0.8,0.14,0.2,0.2
60,Lewis Brunt,eng ENG,DF,Leicester City,22-089,2000,0.3,0,0,0,,0,0,,,,0,0,0,0,0,,0,0
61,Bryan,es ESP,MFFW,Tottenham,21-357,2001,1.6,0,2,1,50,1.22,0.61,0,0,19.4,0,0,0,0.1,0.1,0.05,-0.1,-0.1
62,Emi Buendía,ar ARG,MFFW,Aston Villa,26-040,1996,12.6,3,25,5,20,1.99,0.4,0.12,0.6,16.7,1,0,0,3.3,3.3,0.13,-0.3,-0.3
63,Hugo Bueno,es ESP,DF,Wolves,20-138,2002,9.1,0,4,1,25,0.44,0.11,0,0,18.5,0,0,0,0.2,0.2,0.04,-0.2,-0.2
64,Dan Burn,eng ENG,DF,Newcastle Utd,30-270,1992,18.6,0,11,3,27.3,0.59,0.16,0,0,12,0,0,0,0.9,0.9,0.08,-0.9,-0.9
65,Cafú,pt POR,MF,Nott'ham Forest,29-342,1993,0.1,0,0,0,,0,0,,,,0,0,0,0,0,,0,0
66,Moisés Caicedo,ec ECU,MF,Brighton,21-093,2001,17.8,1,13,4,30.8,0.73,0.22,0.08,0.25,23.3,0,0,0,0.9,0.9,0.07,0.1,0.1
67,Tom Cairney,sct SCO,MF,Fulham,32-014,1991,5.2,0,10,0,0,1.91,0,0,,19.8,0,0,0,0.6,0.6,0.06,-0.6,-0.6
68,Duje Ćaleta-Car,hr CRO,DF,Southampton,26-139,1996,8,0,3,1,33.3,0.38,0.13,0,0,10.6,0,0,0,0.3,0.3,0.1,-0.3,-0.3
69,Dominic Calvert-Lewin,eng ENG,FW,Everton,25-324,1997,7.4,1,12,3,25,1.61,0.4,0.08,0.33,11.6,0,0,0,2,2,0.17,-1,-1
70,Chem Campbell,wls WAL,FWMF,Wolves,20-035,2002,0.8,0,2,0,0,2.43,0,0,,11.3,0,0,0,0.1,0.1,0.05,-0.1,-0.1
71,João Cancelo,pt POR,DF,Manchester City,28-252,1994,14.2,2,17,3,17.6,1.2,0.21,0.12,0.67,22.7,0,0,0,0.8,0.8,0.05,1.2,1.2
72,Thomas Cannon,ie IRL,FW,Everton,20-037,2002,0.3,0,1,1,100,3.6,3.6,0,0,10.8,0,0,0,0.1,0.1,0.09,-0.1,-0.1
73,Sergi Canós,es ESP,FWDF,Brentford,26-001,1997,0.9,0,1,0,0,1.17,0,0,,16.1,0,0,0,0.1,0.1,0.07,-0.1,-0.1
74,Diego Carlos,br BRA,DF,Aston Villa,29-325,1993,2,0,4,0,0,2.01,0,0,,15.7,0,0,0,0.4,0.4,0.09,-0.4,-0.4
75,Fabio Carvalho,pt POR,MFFW,Liverpool,20-157,2002,3.7,2,11,4,36.4,2.94,1.07,0.18,0.5,11.5,0,0,0,1.1,1.1,0.1,0.9,0.9
76,Casemiro,br BRA,MF,Manchester Utd,30-345,1992,12.9,2,17,5,29.4,1.32,0.39,0.12,0.4,22.5,0,0,0,2.1,2.1,0.12,-0.1,-0.1
77,Matty Cash,pl POL,DF,Aston Villa,25-180,1997,12.8,0,7,1,14.3,0.55,0.08,0,0,26.9,0,0,0,0.2,0.2,0.03,-0.2,-0.2
78,Timothy Castagne,be BEL,DF,Leicester City,27-060,1995,18.2,1,10,3,30,0.55,0.16,0.1,0.33,8.6,0,0,0,1.6,1.6,0.16,-0.6,-0.6
79,Jonny Castro,es ESP,DF,Wolves,28-337,1994,11.2,0,8,1,12.5,0.72,0.09,0,0,22.1,0,0,0,0.3,0.3,0.03,-0.3,-0.3
80,Julio César Enciso,py PAR,FWMF,Brighton,19-011,2004,1.3,0,7,6,85.7,5.48,4.7,0,0,24.1,0,0,0,0.5,0.5,0.07,-0.5,-0.5
81,Nathaniel Chalobah,eng ENG,MF,Fulham,28-053,1994,0.1,0,1,1,100,7.5,7.5,0,0,10.1,0,0,0,0.1,0.1,0.09,-0.1,-0.1
82,Trevoh Chalobah,eng ENG,DF,Chelsea,23-213,1999,10.8,0,5,1,20,0.46,0.09,0,0,11.1,0,0,0,0.4,0.4,0.08,-0.4,-0.4
83,Calum Chambers,eng ENG,DFMF,Aston Villa,28-014,1995,1.2,0,1,0,0,0.82,0,0,,29.2,0,0,0,0,0,0.03,0,0
84,Ben Chilwell,eng ENG,DFMF,Chelsea,26-044,1996,4.7,1,3,1,33.3,0.64,0.21,0.33,1,15.3,0,0,0,0.3,0.3,0.1,0.7,0.7
85,Ryan Christie,sct SCO,MFFW,Bournemouth,27-346,1995,11.2,1,17,5,29.4,1.52,0.45,0.06,0.2,14.1,0,0,0,1.6,1.6,0.09,-0.6,-0.6
86,Carney Chukwuemeka,eng ENG,MFFW,Chelsea,19-106,2003,2.2,0,4,1,25,1.78,0.45,0,0,16.4,0,0,0,0.3,0.3,0.07,-0.3,-0.3
87,Bobby Clark,eng ENG,MF,Liverpool,17-361,2005,0.1,0,0,0,,0,0,,,,0,0,0,0,0,,0,0
88,Nathaniel Clyne,eng ENG,DF,Crystal Palace,31-304,1991,11.4,0,0,0,,0,0,,,,0,0,0,0,0,,0,0
89,Conor Coady,eng ENG,DF,Everton,29-343,1993,17.9,1,3,2,66.7,0.17,0.11,0.33,0.5,9.9,0,0,0,0.6,0.6,0.2,0.4,0.4
90,Jack Colback,eng ENG,MF,Nott'ham Forest,33-102,1989,2.6,0,0,0,,0,0,,,,0,0,0,0,0,,0,0
91,Séamus Coleman,ie IRL,DF,Everton,34-115,1988,8.5,0,3,0,0,0.35,0,0,,17.8,0,0,0,0.2,0.2,0.06,-0.2,-0.2
92,Nathan Collins,ie IRL,DF,Wolves,21-279,2001,16.4,0,1,0,0,0.06,0,0,,13.1,0,0,0,0,0,0.03,0,0
93,Levi Colwill,eng ENG,DF,Brighton,19-342,2003,5.1,0,1,0,0,0.19,0,0,,8.1,0,0,0,0.2,0.2,0.18,-0.2,-0.2
94,Lewis Cook,eng ENG,MF,Bournemouth,26-000,1997,16.5,0,5,0,0,0.3,0,0,,28,1,0,0,0.2,0.2,0.04,-0.2,-0.2
95,Steve Cook,eng ENG,DF,Nott'ham Forest,31-290,1991,10.6,0,3,0,0,0.28,0,0,,14.2,0,0,0,0.1,0.1,0.05,-0.1,-0.1
96,Liam Cooper,sct SCO,DF,Leeds United,31-157,1991,11.3,1,9,2,22.2,0.8,0.18,0.11,0.5,8.9,0,0,0,1,1,0.11,0,0
97,Maxwel Cornet,ci CIV,FW,West Ham,26-129,1996,1,0,4,1,25,3.96,0.99,0,0,9.8,0,0,0,0.5,0.5,0.13,-0.5,-0.5
98,Diego Costa,es ESP,FW,Wolves,34-119,1988,6.8,0,20,7,35,2.94,1.03,0,0,11.8,0,0,0,2,2,0.1,-2,-2
99,Vladimír Coufal,cz CZE,DF,West Ham,30-165,1992,12.4,0,5,0,0,0.4,0,0,,24.3,0,0,0,0.3,0.3,0.05,-0.3,-0.3
100,Philippe Coutinho,br BRA,MFFW,Aston Villa,30-236,1992,7.4,0,17,6,35.3,2.29,0.81,0,0,21.6,2,0,0,1,1,0.06,-1,-1
101,Conor Coventry,ie IRL,MFFW,West Ham,22-315,2000,0,0,0,0,,0,0,,,,0,0,0,0,0,,0,0
102,Aaron Cresswell,eng ENG,DF,West Ham,33-050,1989,17,0,7,1,14.3,0.41,0.06,0,0,22.8,3,0,0,0.3,0.3,0.04,-0.3,-0.3
103,Marc Cucurella,es ESP,DF,Chelsea,24-196,1998,13.3,0,6,0,0,0.45,0,0,,17.7,0,0,0,0.4,0.4,0.06,-0.4,-0.4
104,Matheus Cunha,br BRA,FW,Wolves,23-252,1999,1.5,0,3,0,0,2.03,0,0,,11.2,0,0,0,0.3,0.3,0.09,-0.3,-0.3
105,Patson Daka,zm ZAM,FW,Leicester City,24-117,1998,7.8,3,19,11,57.9,2.42,1.4,0.16,0.27,14.9,0,0,0,2.4,2.4,0.13,0.6,0.6
106,Diogo Dalot,pt POR,DF,Manchester Utd,23-322,1999,13.2,0,12,4,33.3,0.91,0.3,0,0,19.5,0,0,0,0.8,0.8,0.06,-0.8,-0.8
107,Mikkel Damsgaard,dk DEN,MFFW,Brentford,22-215,2000,3.1,0,4,3,75,1.3,0.98,0,0,17.3,0,0,0,0.5,0.5,0.12,-0.5,-0.5
108,Danilo,br BRA,MF,Nott'ham Forest,21-280,2001,0.5,0,1,0,0,1.96,0,0,,31.9,0,0,0,0,0,0.03,0,0
109,Josh Dasilva,eng ENG,MF,Brentford,24-103,1998,10.2,3,13,5,38.5,1.27,0.49,0.23,0.6,21.3,0,0,0,0.9,0.9,0.07,2.1,2.1
110,Ben Davies,wls WAL,DF,Tottenham,29-285,1993,14,2,8,4,50,0.57,0.29,0.25,0.5,18.6,0,0,0,0.7,0.7,0.09,1.3,1.3
111,Tom Davies,eng ENG,MF,Everton,24-218,1998,4.6,0,6,1,16.7,1.31,0.22,0,0,19.5,0,0,0,0.6,0.6,0.09,-0.6,-0.6
112,Craig Dawson,eng ENG,DF,West Ham,32-273,1990,8,0,6,1,16.7,0.75,0.12,0,0,15.1,0,0,0,0.5,0.5,0.08,-0.5,-0.5
113,Kevin De Bruyne,be BEL,MF,Manchester City,31-220,1991,17.4,3,45,16,35.6,2.58,0.92,0.07,0.19,23.5,4,0,0,3.3,3.3,0.07,-0.3,-0.3
114,Siriki Dembélé,ci CIV,FWMF,Bournemouth,26-149,1996,1.2,0,2,2,100,1.64,1.64,0,0,16.6,0,0,0,0.2,0.2,0.09,-0.2,-0.2
115,Leander Dendoncker,be BEL,MF,Aston Villa,27-294,1995,3.7,0,1,0,0,0.27,0,0,,23.2,0,0,0,0,0,0.04,0,0
116,Leander Dendoncker,be BEL,MF,Wolves,27-294,1995,2.4,0,3,2,66.7,1.26,0.84,0,0,16.7,0,0,0,0.7,0.7,0.22,-0.7,-0.7
117,Emmanuel Dennis,ng NGA,FW,Nott'ham Forest,25-080,1997,4.1,1,9,2,22.2,2.17,0.48,0.11,0.5,14.6,2,0,0,0.7,0.7,0.08,0.3,0.3
118,Halil Dervişoğlu,tr TUR,MF,Brentford,23-057,1999,0.1,0,1,0,0,11.25,0,0,,31.9,0,0,0,0,0,0.03,0,0
119,Kiernan Dewsbury-Hall,eng ENG,MF,Leicester City,24-150,1998,15.4,2,15,4,26.7,0.98,0.26,0.13,0.5,20.9,0,0,0,1.5,1.5,0.1,0.5,0.5
120,Ibrahima Diallo,fr FRA,MF,Southampton,23-332,1999,7.4,0,6,0,0,0.81,0,0,,28.4,0,0,0,0.2,0.2,0.03,-0.2,-0.2
121,Rúben Dias,pt POR,DF,Manchester City,25-265,1997,9.7,0,5,1,20,0.51,0.1,0,0,10,0,0,0,0.6,0.6,0.12,-0.6,-0.6
122,Luis Díaz,co COL,FW,Liverpool,26-021,1997,6.8,3,16,7,43.8,2.35,1.03,0.19,0.43,13.3,0,0,0,1.7,1.7,0.11,1.3,1.3
123,Eric Dier,eng ENG,DF,Tottenham,29-019,1994,19.3,2,10,4,40,0.52,0.21,0.2,0.5,12.3,1,0,0,0.7,0.7,0.07,1.3,1.3
124,Lucas Digne,fr FRA,DF,Aston Villa,29-198,1993,11.8,1,6,3,50,0.51,0.25,0.17,0.33,19.5,2,0,0,0.2,0.2,0.04,0.8,0.8
125,Issa Diop,fr FRA,DF,Fulham,26-025,1997,10.7,1,3,2,66.7,0.28,0.19,0.33,0.5,12.3,0,0,0,0.3,0.3,0.09,0.7,0.7
126,Moussa Djenepo,ml MLI,DFFW,Southampton,24-233,1998,6.4,0,3,2,66.7,0.47,0.31,0,0,13.8,0,0,0,0.2,0.2,0.06,-0.2,-0.2
127,Ben Doak,sct SCO,FW,Liverpool,17-084,2005,0.3,0,0,0,,0,0,,,,0,0,0,0,0,,0,0
128,Matt Doherty,ie IRL,DFMF,Tottenham,31-018,1992,7.4,1,10,2,20,1.35,0.27,0.1,0.5,12.1,0,0,0,0.8,0.8,0.08,0.2,0.2
129,Gabriel Dos Santos,br BRA,DF,Arsenal,25-046,1997,19,2,18,5,27.8,0.95,0.26,0.11,0.4,13.6,0,0,0,2.9,2.9,0.16,-0.9,-0.9
130,Abdoulaye Doucouré,ml MLI,MF,Everton,30-033,1993,2.5,0,3,1,33.3,1.18,0.39,0,0,13.6,0,0,0,0.2,0.2,0.06,-0.2,-0.2
131,Cheick Doucouré,ml MLI,MF,Crystal Palace,23-026,2000,16.4,0,21,5,23.8,1.28,0.3,0,0,27,0,0,0,0.7,0.7,0.03,-0.7,-0.7
132,Flynn Downes,eng ENG,MF,West Ham,24-014,1999,3.2,0,2,0,0,0.63,0,0,,14.7,0,0,0,0.2,0.2,0.12,-0.2,-0.2
133,Cody Drameh,eng ENG,DF,Leeds United,21-057,2001,0.8,0,0,0,,0,0,,,,0,0,0,0,0,,0,0
134,Shane Duffy,ie IRL,FWDF,Fulham,31-033,1992,0.1,0,0,0,,0,0,,,,0,0,0,0,0,,0,0
135,Lewis Dunk,eng ENG,DF,Brighton,31-074,1991,19,0,9,1,11.1,0.47,0.05,0,0,10.7,0,0,0,0.8,0.8,0.09,-0.8,-0.8
136,Malcolm Ebiowei,eng ENG,MFFW,Crystal Palace,19-152,2003,0.4,0,0,0,,0,0,,,,0,0,0,0,0,,0,0
137,Ederson,br BRA,GK,Manchester City,29-170,1993,20,0,0,0,,0,0,,,,0,0,0,0,0,,0,0
138,Odsonne Édouard,fr FRA,FWMF,Crystal Palace,25-018,1998,10.9,3,23,10,43.5,2.11,0.92,0.13,0.3,12.1,0,0,0,2.7,2.7,0.12,0.3,0.3
139,Samuel Edozie,eng ENG,FWMF,Southampton,20-006,2003,5.2,0,7,3,42.9,1.35,0.58,0,0,16.9,0,0,0,0.8,0.8,0.11,-0.8,-0.8
140,Anthony Elanga,se SWE,FW,Manchester Utd,20-282,2002,4.4,0,8,3,37.5,1.81,0.68,0,0,14.7,0,0,0,0.6,0.6,0.07,-0.6,-0.6
141,Harvey Elliott,eng ENG,MFFW,Liverpool,19-305,2003,12.4,1,20,6,30,1.61,0.48,0.05,0.17,18.8,0,0,0,1.1,1.1,0.05,-0.1,-0.1
142,Mohamed Elneny,eg EGY,MF,Arsenal,30-207,1992,1.3,0,0,0,,0,0,,,,0,0,0,0,0,,0,0
143,Mohamed Elyounoussi,no NOR,MFFW,Southampton,28-183,1994,15.1,0,28,7,25,1.86,0.46,0,0,15.9,0,0,0,2.5,2.5,0.09,-2.5,-2.5
144,Emerson,br BRA,DF,Tottenham,24-020,1999,12.1,1,12,4,33.3,0.99,0.33,0.08,0.25,15.5,0,0,0,1.1,1.1,0.1,-0.1,-0.1
145,Christian Eriksen,dk DEN,MF,Manchester Utd,30-354,1992,16.5,1,23,8,34.8,1.39,0.48,0.04,0.13,19.1,3,0,0,2.7,2.7,0.12,-1.7,-1.7
146,Pervis Estupiñán,ec ECU,DF,Brighton,25-013,1998,12,0,6,0,0,0.5,0,0,,23.6,0,0,0,0.1,0.1,0.02,-0.1,-0.1
147,Jonny Evans,nir NIR,DF,Leicester City,35-031,1988,9,0,1,1,100,0.11,0.11,0,0,3.8,0,0,0,0.2,0.2,0.17,-0.2,-0.2
148,Eberechi Eze,eng ENG,MFFW,Crystal Palace,24-219,1998,16.8,3,36,10,27.8,2.14,0.6,0.08,0.3,23.8,9,0,0,2.4,2.4,0.07,0.6,0.6
149,Łukasz Fabiański,pl POL,GK,West Ham,37-291,1985,18.8,0,0,0,,0,0,,,,0,0,0,0,0,,0,0
150,Fabinho,br BRA,MF,Liverpool,29-103,1993,13.9,0,8,3,37.5,0.57,0.22,0,0,18.3,0,0,0,0.3,0.3,0.04,-0.3,-0.3
151,Wout Faes,be BEL,DF,Leicester City,24-306,1998,14,0,4,1,25,0.29,0.07,0,0,15.5,0,0,0,0.3,0.3,0.09,-0.3,-0.3
152,João Félix,pt POR,FW,Chelsea,23-085,1999,0.6,0,6,4,66.7,9.47,6.32,0,0,18.5,0,0,0,0.8,0.8,0.14,-0.8,-0.8
153,Evan Ferguson,ie IRL,FW,Brighton,18-107,2004,2.2,3,8,5,62.5,3.62,2.26,0.38,0.6,15.9,0,0,0,1.2,1.2,0.15,1.8,1.8
154,Bruno Fernandes,pt POR,MFFW,Manchester Utd,28-148,1994,19,4,39,13,33.3,2.06,0.69,0.1,0.31,22,3,0,0,3.3,3.3,0.09,0.7,0.7
155,Mateo Fernández,es ESP,MF,Leeds United,19-107,2003,0,0,0,0,,0,0,,,,0,0,0,0,0,,0,0
156,Roberto Firmino,br BRA,FWMF,Liverpool,31-124,1991,10.3,7,33,20,60.6,3.2,1.94,0.21,0.35,12.7,0,0,0,4.2,4.2,0.13,2.8,2.8
157,Junior Firpo,es ESP,DF,Leeds United,26-165,1996,1.3,0,0,0,,0,0,,,,0,0,0,0,0,,0,0
158,Phil Foden,eng ENG,FWDF,Manchester City,22-251,2000,11.6,7,28,14,50,2.41,1.21,0.25,0.5,14.2,0,0,0,3.7,3.7,0.13,3.3,3.3
159,Wesley Fofana,fr FRA,DF,Leicester City,22-048,2000,2,0,2,1,50,1,0.5,0,0,10.1,0,0,0,0.1,0.1,0.06,-0.1,-0.1
160,Wesley Fofana,fr FRA,DF,Chelsea,22-048,2000,2,0,1,0,0,0.5,0,0,,31.8,0,0,0,0,0,0.01,0,0
161,Pablo Fornals,es ESP,FWMF,West Ham,26-346,1996,10.5,1,17,5,29.4,1.62,0.48,0.06,0.2,23.9,0,0,0,0.8,0.8,0.05,0.2,0.2
162,Adam Forshaw,eng ENG,MF,Leeds United,31-118,1991,1.8,0,0,0,,0,0,,,,0,0,0,0,0,,0,0
163,Fraser Forster,eng ENG,GK,Tottenham,34-323,1988,1,0,0,0,,0,0,,,,0,0,0,0,0,,0,0
164,Tyrese Francois,au AUS,FW,Fulham,22-202,2000,0,0,0,0,,0,0,,,,0,0,0,0,0,,0,0
165,Ryan Fraser,sct SCO,FW,Newcastle Utd,28-344,1994,3.5,0,6,1,16.7,1.73,0.29,0,0,16.6,0,0,0,0.3,0.3,0.05,-0.3,-0.3
166,Fred,br BRA,MF,Manchester Utd,29-335,1993,6.5,2,15,4,26.7,2.32,0.62,0.13,0.5,18.9,0,0,0,1.3,1.3,0.08,0.7,0.7
167,Ryan Fredericks,eng ENG,DF,Bournemouth,30-116,1992,5,0,0,0,,0,0,,,,0,0,0,0,0,,0,0
168,Remo Freuler,ch SUI,MF,Nott'ham Forest,30-294,1992,14.2,0,6,1,16.7,0.42,0.07,0,0,22.3,0,0,0,0.3,0.3,0.05,-0.3,-0.3
169,Cody Gakpo,nl NED,FW,Liverpool,23-272,1999,1.9,0,8,1,12.5,4.21,0.53,0,0,13.1,0,0,0,1,1,0.12,-1,-1
170,Conor Gallagher,eng ENG,MFFW,Chelsea,22-362,2000,8.2,1,11,5,45.5,1.34,0.61,0.09,0.2,19.1,0,0,0,0.9,0.9,0.08,0.1,0.1
171,Idrissa Gana Gueye,sn SEN,MF,Everton,33-130,1989,12.6,0,1,1,100,0.08,0.08,0,0,28.8,0,0,0,0,0,0.03,0,0
172,Alejandro Garnacho,es ESP,FW,Manchester Utd,18-217,2004,2.7,1,9,5,55.6,3.35,1.86,0.11,0.2,16.4,0,0,0,0.9,0.9,0.1,0.1,0.1
173,James Garner,eng ENG,MF,Everton,21-327,2001,1.6,0,2,1,50,1.27,0.63,0,0,22.4,0,0,0,0.1,0.1,0.03,-0.1,-0.1
174,David de Gea,es ESP,GK,Manchester Utd,32-088,1990,20,0,0,0,,0,0,,,,0,0,0,0,0,,0,0
175,Joe Gelhardt,eng ENG,FW,Leeds United,20-275,2002,2.4,0,10,2,20,4.25,0.85,0,0,23.5,1,0,0,0.8,0.8,0.08,-0.8,-0.8
176,Saman Ghoddos,ir IRN,MFFW,Brentford,29-150,1993,1,0,1,1,100,1,1,0,0,19.2,0,0,0,0,0,0.05,0,0
177,Morgan Gibbs-White,eng ENG,FWMF,Wolves,23-007,2000,2,0,3,1,33.3,1.5,0.5,0,0,11.5,0,0,0,0.7,0.7,0.24,-0.7,-0.7
178,Morgan Gibbs-White,eng ENG,FWMF,Nott'ham Forest,23-007,2000,15.3,2,32,9,28.1,2.09,0.59,0.06,0.22,19.1,3,0,0,3,3,0.09,-1,-1
179,Billy Gilmour,sct SCO,MF,Brighton,21-237,2001,1.2,0,0,0,,0,0,,,,0,0,0,0,0,,0,0
180,Degnand Gnonto,it ITA,FWMF,Leeds United,19-090,2003,6,1,11,4,36.4,1.84,0.67,0.09,0.25,18.1,0,0,0,1.1,1.1,0.1,-0.1,-0.1
181,Ben Godfrey,eng ENG,DF,Everton,25-019,1998,2.3,0,3,0,0,1.28,0,0,,8.1,0,0,0,1.1,1.1,0.36,-1.1,-1.1
182,Toti Gomes,pt POR,DF,Wolves,24-018,1999,3.4,0,0,0,,0,0,,,,0,0,0,0,0,,0,0
183,Joe Gomez,eng ENG,DF,Liverpool,25-256,1997,11.3,0,3,0,0,0.27,0,0,,20.3,0,0,0,0.1,0.1,0.04,-0.1,-0.1
184,Sergio Gómez,es ESP,DFMF,Manchester City,22-152,2000,1.2,0,2,0,0,1.62,0,0,,17.6,0,0,0,0.1,0.1,0.07,-0.1,-0.1
185,Anthony Gordon,eng ENG,FW,Everton,21-344,2001,12.2,3,26,16,61.5,2.14,1.32,0.12,0.19,16.6,1,0,0,3.3,3.3,0.13,-0.3,-0.3
186,Demarai Gray,eng ENG,FWMF,Everton,26-220,1996,18.7,3,36,14,38.9,1.93,0.75,0.06,0.14,20.1,4,1,1,3.7,2.9,0.08,-0.7,-0.9
187,Jack Grealish,eng ENG,FW,Manchester City,27-146,1995,10.6,2,18,4,22.2,1.71,0.38,0.11,0.5,13.4,0,0,0,2.6,2.6,0.15,-0.6,-0.6
188,Sam Greenwood,eng ENG,MFFW,Leeds United,21-008,2002,3.4,1,11,2,18.2,3.2,0.58,0.09,0.5,24.3,5,0,0,0.6,0.6,0.06,0.4,0.4
189,Pascal Groß,de GER,MFDF,Brighton,31-233,1991,18.2,6,20,10,50,1.1,0.55,0.3,0.6,16,0,0,0,3.3,3.3,0.16,2.7,2.7
190,Vicente Guaita,es ESP,GK,Crystal Palace,36-024,1987,20,0,0,0,,0,0,,,,0,0,0,0,0,,0,0
191,Gonçalo Guedes,pt POR,FWMF,Wolves,26-066,1996,7.9,1,19,6,31.6,2.42,0.76,0.05,0.17,18.4,1,0,0,1.2,1.2,0.06,-0.2,-0.2
192,Marc Guéhi,eng ENG,DF,Crystal Palace,22-205,2000,19,0,6,3,50,0.32,0.16,0,0,8.9,0,0,0,0.4,0.4,0.07,-0.4,-0.4
193,Bruno Guimarães,br BRA,MF,Newcastle Utd,25-079,1997,15.5,3,14,5,35.7,0.9,0.32,0.21,0.6,22.1,0,0,0,0.9,0.9,0.06,2.1,2.1
194,İlkay Gündoğan,de GER,MF,Manchester City,32-102,1990,13.8,2,31,8,25.8,2.24,0.58,0.06,0.25,18.5,2,0,0,3.3,3.3,0.11,-1.3,-1.3
195,Darko Gyabi,eng ENG,FW,Leeds United,18-350,2004,0.1,0,1,0,0,11.25,0,0,,17.8,0,0,0,0.1,0.1,0.06,-0.1,-0.1
196,Erling Haaland,no NOR,FW,Manchester City,22-197,2000,17.2,25,70,36,51.4,4.08,2.1,0.3,0.58,12.6,0,4,4,16.9,13.7,0.2,8.1,7.3
197,Lewis Hall,eng ENG,DFMF,Chelsea,18-148,2004,3.4,0,5,2,40,1.48,0.59,0,0,13.3,0,0,0,0.5,0.5,0.1,-0.5,-0.5
198,Luke Harris,wls WAL,MFFW,Fulham,17-306,2005,0.1,0,0,0,,0,0,,,,0,0,0,0,0,,0,0
199,Jack Harrison,eng ENG,FWMF,Leeds United,26-075,1996,13.2,1,16,7,43.8,1.22,0.53,0.06,0.14,17.2,1,0,0,2.4,2.4,0.15,-1.4,-1.4
200,Kai Havertz,de GER,FWMF,Chelsea,23-237,1999,15.7,5,37,17,45.9,2.36,1.08,0.14,0.29,11.6,0,0,0,5.4,5.4,0.15,-0.4,-0.4
201,Jan Paul van Hecke,nl NED,DF,Brighton,22-240,2000,0.9,0,2,0,0,2.25,0,0,,16.3,0,0,0,0.6,0.6,0.3,-0.6,-0.6
202,Hwang Hee-chan,kr KOR,FW,Wolves,27-008,1996,7.2,0,6,3,50,0.83,0.42,0,0,20.3,0,0,0,0.4,0.4,0.07,-0.4,-0.4
203,Dean Henderson,eng ENG,GK,Nott'ham Forest,25-328,1997,18,0,0,0,,0,0,,,,0,0,0,0,0,,0,0
204,Jordan Henderson,eng ENG,MF,Liverpool,32-231,1990,9.9,0,12,3,25,1.21,0.3,0,0,23.1,0,0,0,0.6,0.6,0.05,-0.6,-0.6
205,Wayne Hennessey,wls WAL,GK,Nott'ham Forest,36-010,1987,2,0,0,0,,0,0,,,,0,0,0,0,0,,0,0
206,Rico Henry,eng ENG,DF,Brentford,25-210,1997,18.9,0,8,2,25,0.42,0.11,0,0,20.7,0,0,0,0.5,0.5,0.07,-0.5,-0.5
207,Son Heung-min,kr KOR,MFFW,Tottenham,30-210,1992,17.3,4,49,24,49,2.84,1.39,0.08,0.17,18.7,5,0,0,4.9,4.9,0.1,-0.9,-0.9
208,Aaron Hickey,sct SCO,DF,Brentford,20-238,2002,7.5,0,3,1,33.3,0.4,0.13,0,0,23.6,0,0,0,0.1,0.1,0.02,-0.1,-0.1
209,Joseph Hodge,ie IRL,MF,Wolves,20-142,2002,1.9,0,1,0,0,0.53,0,0,,12.7,0,0,0,0.1,0.1,0.12,-0.1,-0.1
210,Rob Holding,eng ENG,DF,Arsenal,27-136,1995,0.2,0,0,0,,0,0,,,,0,0,0,0,0,,0,0
211,Mason Holgate,eng ENG,DF,Everton,26-104,1996,3.6,0,3,0,0,0.84,0,0,,14,0,0,0,0.3,0.3,0.1,-0.3,-0.3
212,Will Hughes,eng ENG,MF,Crystal Palace,27-292,1995,2.8,0,2,2,100,0.72,0.72,0,0,14.3,0,0,0,0.1,0.1,0.07,-0.1,-0.1
213,Omari Hutchinson,eng ENG,FW,Chelsea,19-096,2003,0.3,0,0,0,,0,0,,,,0,0,0,0,0,,0,0
214,Pierre Højbjerg,dk DEN,MF,Tottenham,27-182,1995,19.8,4,22,7,31.8,1.11,0.35,0.18,0.57,21,0,0,0,1.4,1.4,0.06,2.6,2.6
215,Kelechi Iheanacho,ng NGA,FWMF,Leicester City,26-123,1996,3.3,1,12,3,25,3.59,0.9,0.08,0.33,19.3,0,0,0,1.6,1.6,0.13,-0.6,-0.6
216,Danny Ings,eng ENG,FW,West Ham,30-195,1992,0.2,0,0,0,,0,0,,,,0,0,0,0,0,,0,0
217,Danny Ings,eng ENG,FW,Aston Villa,30-195,1992,9.2,6,25,12,48,2.73,1.31,0.16,0.33,15.5,0,2,2,5.3,3.8,0.15,0.7,0.2
218,Alexander Isak,se SWE,FW,Newcastle Utd,23-135,1999,3.2,3,9,7,77.8,2.85,2.22,0.22,0.29,13.2,0,1,1,3.2,2.4,0.27,-0.2,-0.4
219,Alex Iwobi,ng NGA,MF,Everton,26-276,1996,19.8,1,18,5,27.8,0.91,0.25,0.06,0.2,22.5,0,0,0,1.2,1.2,0.07,-0.2,-0.2
220,Daniel James,wls WAL,FW,Leeds United,25-085,1997,2.2,0,3,1,33.3,1.36,0.45,0,0,17.6,0,0,0,0.3,0.3,0.09,-0.3,-0.3
221,Daniel James,wls WAL,FW,Fulham,25-085,1997,4,1,10,2,20,2.5,0.5,0.1,0.5,13.5,0,0,0,1.3,1.3,0.13,-0.3,-0.3
222,Reece James,eng ENG,DFMF,Chelsea,23-057,1999,6.8,1,9,3,33.3,1.33,0.44,0.11,0.33,20.1,1,0,0,0.8,0.8,0.09,0.2,0.2
223,Vitaly Janelt,de GER,MFDF,Brentford,24-269,1998,14.7,2,8,4,50,0.55,0.27,0.25,0.5,12.1,0,0,0,1.9,1.9,0.24,0.1,0.1
224,Pontus Jansson,se SWE,DF,Brentford,31-355,1991,5.7,0,1,0,0,0.17,0,0,,15.4,0,0,0,0,0,0.02,0,0
225,Mathias Jensen,dk DEN,MF,Brentford,27-033,1996,16.7,2,12,3,25,0.72,0.18,0.17,0.67,24.8,2,0,0,0.9,0.9,0.08,1.1,1.1
226,Gabriel Jesus,br BRA,FW,Arsenal,25-306,1997,13.5,5,50,20,40,3.69,1.48,0.1,0.25,10.9,0,0,0,7.7,7.7,0.16,-2.7,-2.7
227,Raúl Jiménez,mx MEX,FW,Wolves,31-274,1991,3.3,0,9,4,44.4,2.76,1.22,0,0,11.2,0,0,0,1,1,0.11,-1,-1
228,Joelinton,br BRA,MFFW,Newcastle Utd,26-173,1996,16.8,2,30,11,36.7,1.79,0.66,0.07,0.18,14.1,0,0,0,3.2,3.2,0.11,-1.2,-1.2
229,Ben Johnson,eng ENG,DF,West Ham,23-010,2000,5.5,0,0,0,,0,0,,,,0,0,0,0,0,,0,0
230,Brennan Johnson,wls WAL,FW,Nott'ham Forest,21-256,2001,18,4,30,15,50,1.67,0.84,0.1,0.2,16.9,0,1,2,5.8,4.2,0.14,-1.8,-1.2
231,Curtis Jones,eng ENG,MFFW,Liverpool,22-004,2001,2.1,0,4,1,25,1.9,0.48,0,0,17.1,0,0,0,0.2,0.2,0.05,-0.2,-0.2
232,Jorginho,it ITA,MF,Chelsea,31-045,1991,14.2,2,3,1,33.3,0.21,0.07,0,0,34.1,0,2,2,1.7,0.1,0.04,0.3,-0.1
233,Diogo Jota,pt POR,FWMF,Liverpool,26-061,1996,2.2,0,3,1,33.3,1.38,0.46,0,0,7.8,0,0,0,0.8,0.8,0.26,-0.8,-0.8
234,James Justin,eng ENG,DF,Leicester City,24-345,1998,13.9,0,5,0,0,0.36,0,0,,23.4,0,0,0,0.3,0.3,0.06,-0.3,-0.3
235,Mathias Jørgensen,dk DEN,DF,Brentford,32-286,1990,8.2,0,3,1,33.3,0.37,0.12,0,0,8.5,0,0,0,0.5,0.5,0.16,-0.5,-0.5
236,Sasa Kalajdzic,at AUT,FW,Wolves,25-211,1997,0.5,0,1,0,0,2,0,0,,4.4,0,0,0,0.3,0.3,0.27,-0.3,-0.3
237,Boubacar Kamara,fr FRA,MF,Aston Villa,23-072,1999,12.4,0,4,1,25,0.32,0.08,0,0,29.7,0,0,0,0.2,0.2,0.05,-0.2,-0.2
238,Harry Kane,eng ENG,FW,Tottenham,29-190,1993,20.8,16,75,33,44,3.6,1.58,0.19,0.42,15.6,2,2,3,11.8,9.4,0.13,4.2,4.6
239,N'Golo Kanté,fr FRA,MF,Chelsea,31-311,1991,1.9,0,2,1,50,1.03,0.52,0,0,21.9,0,0,0,0.1,0.1,0.05,-0.1,-0.1
240,Michael Keane,eng ENG,DF,Everton,30-023,1993,0.3,0,0,0,,0,0,,,,0,0,0,0,0,,0,0
241,Neeskens Kebano,cd COD,FW,Fulham,30-330,1992,7.9,0,9,2,22.2,1.14,0.25,0,0,15.2,0,0,0,0.5,0.5,0.05,-0.5,-0.5
242,Thilo Kehrer,de GER,DF,West Ham,26-135,1996,15,0,7,1,14.3,0.47,0.07,0,0,19.7,0,0,0,0.4,0.4,0.06,-0.4,-0.4
243,Naby Keïta,gn GUI,MF,Liverpool,27-358,1995,2,0,5,0,0,2.46,0,0,,19.5,0,0,0,0.3,0.3,0.05,-0.3,-0.3
244,Lloyd Kelly,eng ENG,DF,Bournemouth,24-120,1998,10,0,2,0,0,0.2,0,0,,8.7,0,0,0,0.1,0.1,0.07,-0.1,-0.1
245,Max Kilman,eng ENG,DF,Wolves,25-256,1997,20,0,7,0,0,0.35,0,0,,8.7,0,0,0,0.6,0.6,0.09,-0.6,-0.6
246,Mateusz Klich,pl POL,MFFW,Leeds United,32-235,1990,3.1,0,4,1,25,1.29,0.32,0,0,21.7,0,0,0,0.2,0.2,0.04,-0.2,-0.2
247,Robin Koch,de GER,DF,Leeds United,26-201,1996,18.5,0,6,1,16.7,0.32,0.05,0,0,12.6,0,0,0,0.3,0.3,0.05,-0.3,-0.3
248,Ibrahima Konaté,fr FRA,DF,Liverpool,23-254,1999,4.2,0,3,1,33.3,0.71,0.24,0,0,9.6,0,0,0,0.2,0.2,0.07,-0.2,-0.2
249,Ezri Konsa,eng ENG,DF,Aston Villa,25-103,1997,18.9,0,3,0,0,0.16,0,0,,9.5,0,0,0,0.5,0.5,0.15,-0.5,-0.5
250,Kalidou Koulibaly,sn SEN,DF,Chelsea,31-228,1991,12.4,2,9,4,44.4,0.73,0.32,0.22,0.5,12.5,0,0,0,0.8,0.8,0.09,1.2,1.2
251,Cheikhou Kouyaté,sn SEN,MFDF,Nott'ham Forest,33-044,1989,7.8,1,5,5,100,0.64,0.64,0.2,0.2,17.1,0,0,0,0.3,0.3,0.07,0.7,0.7
252,Mateo Kovačić,hr CRO,MF,Chelsea,28-273,1994,9.3,0,12,0,0,1.29,0,0,,25.6,0,0,0,0.4,0.4,0.04,-0.4,-0.4
253,Emil Krafth,se SWE,DF,Newcastle Utd,28-185,1994,0,0,0,0,,0,0,,,,0,0,0,0,0,,0,0
254,Dejan Kulusevski,se SWE,MFFW,Tottenham,22-284,2000,10.7,2,19,6,31.6,1.77,0.56,0.11,0.33,17,0,0,0,1.2,1.2,0.06,0.8,0.8
255,Layvin Kurzawa,fr FRA,DF,Fulham,30-152,1992,1.5,0,0,0,,0,0,,,,0,0,0,0,0,,0,0
256,Adam Lallana,eng ENG,MFFW,Brighton,34-269,1988,8,2,8,5,62.5,1,0.62,0.25,0.4,13.3,0,0,0,0.9,0.9,0.11,1.1,1.1
257,Tariq Lamptey,gh GHA,DF,Brighton,22-126,2000,3.6,0,3,0,0,0.84,0,0,,17.3,0,0,0,0.1,0.1,0.04,-0.1,-0.1
258,Manuel Lanzini,ar ARG,MFFW,West Ham,29-353,1993,1.4,0,2,0,0,1.43,0,0,,31,0,0,0,0.1,0.1,0.03,-0.1,-0.1
259,Aymeric Laporte,es ESP,DF,Manchester City,28-252,1994,4.2,0,7,0,0,1.68,0,0,,16.8,0,0,0,0.2,0.2,0.03,-0.2,-0.2
260,Juan Larios,es ESP,DF,Southampton,19-022,2004,1.7,0,0,0,,0,0,,,,0,0,0,0,0,,0,0
261,Jamaal Lascelles,eng ENG,DF,Newcastle Utd,29-084,1993,1.2,0,1,0,0,0.84,0,0,,8.5,0,0,0,0.1,0.1,0.07,-0.1,-0.1
262,Roméo Lavia,be BEL,MF,Southampton,19-028,2004,8.2,1,5,2,40,0.61,0.24,0.2,0.5,25.7,0,0,0,0.2,0.2,0.04,0.8,0.8
263,Dexter Lembikisa,jm JAM,DF,Wolves,19-091,2003,0.3,0,0,0,,0,0,,,,0,0,0,0,0,,0,0
264,Mario Lemina,ga GAB,MF,Wolves,29-155,1993,0.9,0,1,0,0,1.07,0,0,,32.7,0,0,0,0,0,0.01,0,0
265,Clément Lenglet,fr FRA,DF,Tottenham,27-231,1995,10.4,0,7,0,0,0.67,0,0,,15.7,0,0,0,0.6,0.6,0.09,-0.6,-0.6
266,Bernd Leno,de GER,GK,Fulham,30-336,1992,19,0,0,0,,0,0,,,,0,0,0,0,0,,0,0
267,Jefferson Lerma,co COL,MFDF,Bournemouth,28-101,1994,19.9,2,15,3,20,0.75,0.15,0.13,0.67,16.4,0,0,0,1.2,1.2,0.08,0.8,0.8
268,Jamal Lewis,nir NIR,DF,Newcastle Utd,25-009,1998,0.1,0,0,0,,0,0,,,,0,0,0,0,0,,0,0
269,Rico Lewis,eng ENG,DFMF,Manchester City,18-074,2004,4,0,1,1,100,0.25,0.25,0,0,26.3,0,0,0,0,0,0.04,0,0
270,Keane Lewis-Potter,eng ENG,FWMF,Brentford,21-346,2001,3.4,0,7,2,28.6,2.06,0.59,0,0,14.1,0,0,0,0.5,0.5,0.07,-0.5,-0.5
271,Victor Lindelöf,se SWE,DF,Manchester Utd,28-201,1994,4.9,0,0,0,,0,0,,,,0,0,0,0,0,,0,0
272,Jesse Lingard,eng ENG,FWMF,Nott'ham Forest,30-050,1992,9.6,0,10,2,20,1.05,0.21,0,0,19.3,0,0,0,1,1,0.1,-1,-1
273,Diego Llorente,es ESP,DF,Leeds United,29-171,1993,7.2,0,6,0,0,0.83,0,0,,12.5,0,0,0,0.7,0.7,0.12,-0.7,-0.7
274,Hugo Lloris,fr FRA,GK,Tottenham,36-039,1986,20,0,0,0,,0,0,,,,0,0,0,0,0,,0,0
275,Renan Lodi,br BRA,DF,Nott'ham Forest,24-301,1998,10.2,0,8,0,0,0.78,0,0,,19.6,2,0,0,0.6,0.6,0.07,-0.6,-0.6
276,Ruben Loftus-Cheek,eng ENG,MFDF,Chelsea,27-011,1996,10.6,0,9,2,22.2,0.85,0.19,0,0,18.6,0,0,0,0.8,0.8,0.09,-0.8,-0.8
277,Sean Longstaff,eng ENG,MF,Newcastle Utd,25-096,1997,16.7,1,17,3,17.6,1.02,0.18,0.06,0.33,16.7,0,0,0,1.8,1.8,0.11,-0.8,-0.8
278,Jamal Lowe,jm JAM,MFFW,Bournemouth,28-197,1994,0.1,0,0,0,,0,0,,,,0,0,0,0,0,,0,0
279,Douglas Luiz,br BRA,MF,Aston Villa,24-270,1998,14.9,2,17,6,35.3,1.14,0.4,0.12,0.33,26.2,2,0,0,0.9,0.9,0.05,1.1,1.1
280,Lyanco,br BRA,DF,Southampton,26-002,1997,7.6,0,7,3,42.9,0.93,0.4,0,0,21.8,0,0,0,0.2,0.2,0.03,-0.2,-0.2
281,Alexis Mac Allister,ar ARG,MF,Brighton,24-041,1998,16.2,5,28,10,35.7,1.73,0.62,0.07,0.2,27.6,5,3,3,3.8,1.5,0.05,1.2,0.5
282,James Maddison,eng ENG,MFFW,Leicester City,26-072,1996,12.4,7,40,13,32.5,3.21,1.04,0.18,0.54,20.7,7,0,0,2.6,2.6,0.07,4.4,4.4
283,Harry Maguire,eng ENG,DF,Manchester Utd,29-335,1993,4.3,0,1,0,0,0.23,0,0,,5.7,0,0,0,0.2,0.2,0.22,-0.2,-0.2
284,Riyad Mahrez,dz ALG,FW,Manchester City,31-347,1991,9.3,4,22,9,40.9,2.36,0.96,0.18,0.44,15.7,1,0,0,3.2,3.2,0.14,0.8,0.8
285,Ainsley Maitland-Niles,eng ENG,MFDF,Southampton,25-158,1997,6,0,0,0,,0,0,,,,0,0,0,0,0,,0,0
286,Tyrell Malacia,nl NED,DF,Manchester Utd,23-170,1999,9.3,0,3,1,33.3,0.32,0.11,0,0,20.7,0,0,0,0.2,0.2,0.06,-0.2,-0.2
287,Orel Mangala,be BEL,MF,Nott'ham Forest,24-322,1998,6.6,0,6,1,16.7,0.91,0.15,0,0,21.6,0,0,0,0.3,0.3,0.05,-0.3,-0.3
288,Javier Manquillo,es ESP,DF,Newcastle Utd,28-274,1994,0.1,0,0,0,,0,0,,,,0,0,0,0,0,,0,0
289,Sekou Mara,fr FRA,FWMF,Southampton,20-188,2002,3.6,0,14,2,14.3,3.85,0.55,0,0,15.6,0,0,0,0.8,0.8,0.06,-0.8,-0.8
290,Solly March,eng ENG,FWDF,Brighton,28-198,1994,18.1,4,40,16,40,2.21,0.88,0.1,0.25,16.4,1,0,0,4.3,4.3,0.11,-0.3,-0.3
291,Emiliano Marcondes,dk DEN,MF,Bournemouth,27-331,1995,0.1,0,0,0,,0,0,,,,0,0,0,0,0,,0,0
292,Marquinhos,br BRA,MF,Arsenal,19-302,2003,0,0,0,0,,0,0,,,,0,0,0,0,0,,0,0
293,Anthony Martial,fr FRA,FW,Manchester Utd,27-060,1995,5.1,3,11,5,45.5,2.16,0.98,0.18,0.4,12.9,0,1,1,3.2,2.4,0.22,-0.2,-0.4
294,Martinelli,br BRA,FW,Arsenal,21-230,2001,17.9,7,49,17,34.7,2.74,0.95,0.14,0.41,16.6,2,0,0,4.3,4.3,0.09,2.7,2.7
295,Emiliano Martínez,ar ARG,GK,Aston Villa,30-154,1992,17.4,0,0,0,,0,0,,,,0,0,0,0,0,,0,0
296,Lisandro Martínez,ar ARG,DF,Manchester Utd,25-016,1998,15.4,1,4,1,25,0.26,0.06,0.25,1,16.9,0,0,0,0.2,0.2,0.04,0.8,0.8
297,Pape Matar Sarr,sn SEN,MF,Tottenham,20-142,2002,1.2,0,1,0,0,0.81,0,0,,28,0,0,0,0,0,0.03,0,0
298,Jean-Philippe Mateta,fr FRA,FW,Crystal Palace,25-220,1997,4.8,1,15,6,40,3.12,1.25,0.07,0.17,12.9,0,0,0,1.6,1.6,0.1,-0.6,-0.6
299,Joël Matip,cm CMR,DF,Liverpool,31-179,1991,6.1,0,0,0,,0,0,,,,0,0,0,0,0,,0,0
300,Neal Maupay,fr FRA,FW,Everton,26-173,1996,7.6,1,15,6,40,1.98,0.79,0.07,0.17,13.6,0,0,0,2.1,2.1,0.14,-1.1,-1.1
301,Kevin Mbabu,ch SUI,DFFW,Fulham,27-290,1995,1.6,0,0,0,,0,0,,,,0,0,0,0,0,,0,0
302,Bryan Mbeumo,cm CMR,FW,Brentford,23-180,1999,16.7,4,33,16,48.5,1.97,0.96,0.09,0.19,17.8,0,1,1,4.7,3.9,0.12,-0.7,-0.9
303,John McGinn,sct SCO,MF,Aston Villa,28-108,1994,13.6,0,21,5,23.8,1.55,0.37,0,0,23.8,0,0,0,1.2,1.2,0.06,-1.2,-1.2
304,Scott McKenna,sct SCO,DF,Nott'ham Forest,26-083,1996,15.2,0,2,0,0,0.13,0,0,,8.2,0,0,0,0.1,0.1,0.04,-0.1,-0.1
305,Dwight McNeil,eng ENG,FWDF,Everton,23-073,1999,9.9,2,12,2,16.7,1.21,0.2,0.17,1,18.4,0,0,0,0.7,0.7,0.06,1.3,1.3
306,Scott McTominay,sct SCO,MF,Manchester Utd,26-057,1996,8.4,0,7,3,42.9,0.84,0.36,0,0,14.2,0,0,0,0.8,0.8,0.11,-0.8,-0.8
307,Ben Mee,eng ENG,DF,Brentford,33-135,1989,18.4,2,11,3,27.3,0.6,0.16,0.18,0.67,9,0,0,0,1.3,1.3,0.12,0.7,0.7
308,Edouard Mendy,sn SEN,GK,Chelsea,30-339,1992,8.5,0,0,0,,0,0,,,,0,0,0,0,0,,0,0
309,Nampalys Mendy,sn SEN,MF,Leicester City,30-225,1992,3.6,0,1,0,0,0.27,0,0,,22.1,0,0,0,0.1,0.1,0.1,-0.1,-0.1
310,Chris Mepham,wls WAL,DF,Bournemouth,25-090,1997,15.9,0,5,2,40,0.31,0.13,0,0,12.7,0,0,0,0.3,0.3,0.06,-0.3,-0.3
311,Illan Meslier,fr FRA,GK,Leeds United,22-338,2000,19,0,0,0,,0,0,,,,0,0,0,0,0,,0,0
312,Alexander Mighten,eng ENG,FW,Nott'ham Forest,20-298,2002,0.1,0,0,0,,0,0,,,,0,0,0,0,0,,0,0
313,Luka Milivojević,rs SRB,MF,Crystal Palace,31-302,1991,3.3,0,5,0,0,1.54,0,0,,25.4,1,0,0,0.2,0.2,0.05,-0.2,-0.2
314,James Milner,eng ENG,DFMF,Liverpool,37-030,1986,6,0,6,1,16.7,1,0.17,0,0,16.2,0,0,0,0.4,0.4,0.06,-0.4,-0.4
315,Yerry Mina,co COL,DF,Everton,28-133,1994,2.6,1,3,2,66.7,1.15,0.77,0.33,0.5,12.4,0,0,0,0.2,0.2,0.08,0.8,0.8
316,Tyrone Mings,eng ENG,DF,Aston Villa,29-327,1993,18,0,1,0,0,0.06,0,0,,19.1,0,0,0,0,0,0.02,0,0
317,Tyrick Mitchell,eng ENG,DF,Crystal Palace,23-155,1999,14.2,0,3,1,33.3,0.21,0.07,0,0,11.3,0,0,0,0.3,0.3,0.11,-0.3,-0.3
318,Kaoru Mitoma,jp JPN,FWMF,Brighton,25-259,1997,8.3,4,15,8,53.3,1.8,0.96,0.27,0.5,12.9,0,0,0,1.7,1.7,0.11,2.3,2.3
319,Aleksandar Mitrović,rs SRB,FW,Fulham,28-140,1994,16.2,11,68,22,32.4,4.19,1.36,0.12,0.36,15.1,0,3,6,11.3,6.6,0.1,-0.3,1.4
320,Kieffer Moore,wls WAL,FW,Bournemouth,30-179,1992,12.4,4,17,6,35.3,1.37,0.48,0.24,0.67,11,0,0,0,3.2,3.2,0.19,0.8,0.8
321,Andrew Moran,ie IRL,FW,Brighton,19-111,2003,0.1,0,0,0,,0,0,,,,0,0,0,0,0,,0,0
322,Álex Moreno,es ESP,DF,Aston Villa,29-240,1993,1.9,0,4,1,25,2.11,0.53,0,0,19.2,0,0,0,0.2,0.2,0.05,-0.2,-0.2
323,Mason Mount,eng ENG,MFFW,Chelsea,24-024,1999,16,3,29,9,31,1.81,0.56,0.1,0.33,19.2,2,0,0,1.9,1.9,0.06,1.1,1.1
324,Lucas Moura,br BRA,MFDF,Tottenham,30-174,1992,1.1,0,1,0,0,0.92,0,0,,11.9,0,0,0,0.1,0.1,0.09,-0.1,-0.1
325,João Moutinho,pt POR,MF,Wolves,36-148,1986,14.7,0,12,1,8.3,0.82,0.07,0,0,20.7,3,0,0,0.9,0.9,0.08,-0.9,-0.9
326,Divin Mubama,eng ENG,FW,West Ham,18-101,2004,0,0,0,0,,0,0,,,,0,0,0,0,0,,0,0
327,Mykhailo Mudryk,ua UKR,FW,Chelsea,22-029,2001,0.4,0,1,0,0,2.5,0,0,,6.1,0,0,0,0.3,0.3,0.35,-0.3,-0.3
328,Jacob Murphy,eng ENG,FW,Newcastle Utd,27-344,1995,6,1,12,5,41.7,2.01,0.84,0.08,0.2,17.5,0,0,0,0.8,0.8,0.07,0.2,0.2
329,Enock Mwepu,zm ZAM,FWMF,Brighton,25-033,1998,2.4,0,2,1,50,0.85,0.42,0,0,16.7,0,0,0,0.2,0.2,0.11,-0.2,-0.2
330,Vitaliy Mykolenko,ua UKR,DFMF,Everton,23-250,1999,18.8,0,6,2,33.3,0.32,0.11,0,0,20.9,0,0,0,0.4,0.4,0.07,-0.4,-0.4
331,Wilfred Ndidi,ng NGA,MFDF,Leicester City,26-049,1996,9.7,0,5,2,40,0.51,0.21,0,0,23.6,0,0,0,0.2,0.2,0.03,-0.2,-0.2
332,Reiss Nelson,eng ENG,FW,Arsenal,23-055,1999,0.7,2,3,3,100,4.15,4.15,0.67,0.67,9.5,0,0,0,0.6,0.6,0.22,1.4,1.4
333,Neto,br BRA,GK,Bournemouth,33-199,1989,9.5,0,0,0,,0,0,,,,0,0,0,0,0,,0,0
334,Pedro Neto,pt POR,FWMF,Wolves,22-331,2000,6.7,0,11,2,18.2,1.65,0.3,0,0,20.7,0,0,0,0.7,0.7,0.06,-0.7,-0.7
335,Rúben Neves,pt POR,MF,Wolves,25-327,1997,19,4,36,7,19.4,1.89,0.37,0.06,0.29,27.7,8,2,2,2.8,1.3,0.04,1.2,0.7
336,Moussa Niakhate,fr FRA,DF,Nott'ham Forest,26-332,1996,1.8,0,3,2,66.7,1.69,1.13,0,0,8.5,0,0,0,0.3,0.3,0.09,-0.3,-0.3
337,Rasmus Nissen,dk DEN,DF,Leeds United,25-207,1997,12.6,0,7,1,14.3,0.56,0.08,0,0,14.7,0,0,0,0.4,0.4,0.05,-0.4,-0.4
338,Eddie Nketiah,eng ENG,FW,Arsenal,23-249,1999,6.7,4,27,13,48.1,4.04,1.95,0.15,0.31,11.4,0,0,0,5.3,5.3,0.2,-1.3,-1.3
339,Matheus Nunes,pt POR,MF,Wolves,24-160,1998,13.9,0,21,5,23.8,1.51,0.36,0,0,18.1,0,0,0,1.8,1.8,0.09,-1.8,-1.8
340,Darwin Núñez,uy URU,FW,Liverpool,23-224,1999,10,5,56,23,41.1,5.61,2.3,0.09,0.22,15.3,0,0,0,7.4,7.4,0.13,-2.4,-2.4
341,Ethan Nwaneri,eng ENG,FW,Arsenal,15-319,2007,0,0,0,0,,0,0,,,,0,0,0,0,0,,0,0
342,Christian Nørgaard,dk DEN,MF,Brentford,28-330,1994,8.7,1,9,6,66.7,1.04,0.69,0.11,0.17,12.1,0,0,0,0.8,0.8,0.09,0.2,0.2
343,Lewis O'Brien,eng ENG,MF,Nott'ham Forest,24-112,1998,6.5,1,7,2,28.6,1.08,0.31,0.14,0.5,23.8,0,0,0,0.3,0.3,0.05,0.7,0.7
344,Angelo Ogbonna,it ITA,DF,West Ham,34-256,1988,3.3,0,1,0,0,0.3,0,0,,11.1,0,0,0,0.1,0.1,0.14,-0.1,-0.1
345,Michael Olise,fr FRA,MFFW,Crystal Palace,21-053,2001,13.4,2,23,5,21.7,1.72,0.37,0.09,0.4,21.4,2,0,0,1.3,1.3,0.06,0.7,0.7
346,Robin Olsen,se SWE,GK,Aston Villa,33-026,1990,2.6,0,0,0,,0,0,,,,0,0,0,0,0,,0,0
347,Amadou Onana,be BEL,MF,Everton,21-171,2001,15.5,1,19,2,10.5,1.23,0.13,0.05,0.5,15.1,0,0,0,1.9,1.9,0.1,-0.9,-0.9
348,Josh Onomah,eng ENG,MF,Fulham,25-282,1997,0.2,0,0,0,,0,0,,,,0,0,0,0,0,,0,0
349,Frank Onyeka,ng NGA,MF,Brentford,25-033,1998,4.9,0,3,1,33.3,0.61,0.2,0,0,10.9,0,0,0,0.4,0.4,0.12,-0.4,-0.4
350,Mislav Oršić,hr CRO,MF,Southampton,30-036,1992,0.1,0,0,0,,0,0,,,,0,0,0,0,0,,0,0
351,Dango Ouattara,bf BFA,MF,Bournemouth,20-357,2002,1,0,5,1,20,5,1,0,0,15.8,0,0,0,0.3,0.3,0.07,-0.3,-0.3
352,Alex Oxlade-Chamberlain,eng ENG,FWMF,Liverpool,29-172,1993,3.4,1,6,3,50,1.75,0.88,0.17,0.33,13.5,0,0,0,1.3,1.3,0.21,-0.3,-0.3
353,David Ozoh,,FW,Crystal Palace,17-248,2005,0,0,0,0,,0,0,,,,0,0,0,0,0,,0,0
354,João Palhinha,pt POR,MF,Fulham,27-209,1995,19.7,3,24,7,29.2,1.22,0.35,0.13,0.43,15.8,0,0,0,1.9,1.9,0.08,1.1,1.1
355,Cole Palmer,eng ENG,FWMF,Manchester City,20-273,2002,1.3,0,2,0,0,1.51,0,0,,13.8,0,0,0,0.1,0.1,0.04,-0.1,-0.1
356,Emerson Palmieri,it ITA,DFMF,West Ham,28-184,1994,4.1,0,6,2,33.3,1.47,0.49,0,0,16.1,0,0,0,0.3,0.3,0.04,-0.3,-0.3
357,Lucas Paquetá,br BRA,MF,West Ham,25-160,1997,11.1,1,27,7,25.9,2.43,0.63,0,0,19.4,0,1,1,2.5,1.7,0.06,-1.5,-1.7
358,Thomas Partey,gh GHA,MF,Arsenal,29-235,1993,15.5,2,20,2,10,1.29,0.13,0.1,1,19.9,0,0,0,1.5,1.5,0.08,0.5,0.5
359,Nathan Patterson,sct SCO,DFMF,Everton,21-110,2001,11,0,8,1,12.5,0.73,0.09,0,0,18.2,0,0,0,0.5,0.5,0.06,-0.5,-0.5
360,Ben Pearson,eng ENG,MF,Bournemouth,28-030,1995,3.2,0,2,1,50,0.63,0.31,0,0,25.2,0,0,0,0,0,0.02,0,0
361,Andreas Pereira,br BRA,MF,Fulham,27-033,1996,19.2,2,26,10,38.5,1.36,0.52,0.04,0.1,22.1,8,1,1,3.3,2.5,0.1,-1.3,-1.5
362,Ayoze Pérez,es ESP,MFFW,Leicester City,29-189,1993,4.2,0,8,2,25,1.88,0.47,0,0,15.9,0,0,0,1.1,1.1,0.14,-1.1,-1.1
363,Ivan Perišić,hr CRO,DFMF,Tottenham,34-001,1989,14.1,0,12,2,16.7,0.85,0.14,0,0,12.3,0,0,0,1.5,1.5,0.12,-1.5,-1.5
364,Romain Perraud,fr FRA,DF,Southampton,25-134,1997,11.3,2,20,3,15,1.77,0.27,0.1,0.67,22.3,0,0,0,0.9,0.9,0.05,1.1,1.1
365,Kalvin Phillips,eng ENG,MF,Manchester City,27-063,1995,0.2,0,1,0,0,4.29,0,0,,28.1,0,0,0,0,0,0.04,0,0
366,Nathaniel Phillips,eng ENG,DF,Liverpool,25-319,1997,0.7,0,1,0,0,1.36,0,0,,10.8,0,0,0,0,0,0.04,0,0
367,Jordan Pickford,eng ENG,GK,Everton,28-333,1994,19,0,0,0,,0,0,,,,0,0,0,0,0,,0,0
368,Ethan Pinnock,jm JAM,DF,Brentford,29-250,1993,12,0,6,3,50,0.5,0.25,0,0,8,0,0,0,1,1,0.18,-1,-1
369,Daniel Podence,pt POR,FWMF,Wolves,27-105,1995,14.5,5,33,13,39.4,2.28,0.9,0.15,0.38,16.7,0,0,0,3.1,3.1,0.09,1.9,1.9
370,Nick Pope,eng ENG,GK,Newcastle Utd,30-290,1992,20,0,0,0,,0,0,,,,0,0,0,0,0,,0,0
371,Dennis Praet,be BEL,MF,Leicester City,28-265,1994,3.8,0,1,0,0,0.27,0,0,,15,0,0,0,0.2,0.2,0.21,-0.2,-0.2
372,Isaac Price,nir NIR,MF,Everton,19-130,2003,0.4,0,0,0,,0,0,,,,0,0,0,0,0,,0,0
373,Christian Pulisic,us USA,FWDF,Chelsea,24-138,1998,6.8,1,15,4,26.7,2.22,0.59,0.07,0.25,16.8,0,0,0,1.3,1.3,0.09,-0.3,-0.3
374,Aaron Ramsdale,eng ENG,GK,Arsenal,24-265,1998,19,0,0,0,,0,0,,,,0,0,0,0,0,,0,0
375,Jacob Ramsey,eng ENG,MFFW,Aston Villa,21-251,2001,13.2,2,12,7,58.3,0.91,0.53,0.17,0.29,19.2,0,0,0,1.3,1.3,0.11,0.7,0.7
376,Marcus Rashford,eng ENG,FW,Manchester Utd,25-095,1997,17.9,9,49,23,46.9,2.73,1.28,0.18,0.39,15.6,4,0,0,7.5,7.5,0.15,1.5,1.5
377,David Raya,es ESP,GK,Brentford,27-141,1995,20,0,0,0,,0,0,,,,0,0,0,0,0,,0,0
378,Tim Ream,us USA,DF,Fulham,35-121,1987,21,1,3,2,66.7,0.14,0.1,0.33,0.5,9.8,0,0,0,0.3,0.3,0.09,0.7,0.7
379,Nathan Redmond,eng ENG,DF,Southampton,28-334,1994,0,0,0,0,,0,0,,,,0,0,0,0,0,,0,0
380,Harrison Reed,eng ENG,MF,Fulham,28-007,1995,18.2,2,15,4,26.7,0.83,0.22,0.13,0.5,20.3,0,0,0,1.3,1.3,0.09,0.7,0.7
381,Bobby Reid,jm JAM,FWDF,Fulham,30-001,1993,18.4,4,21,8,38.1,1.14,0.43,0.19,0.5,12.9,0,0,0,3.2,3.2,0.15,0.8,0.8
382,Declan Rice,eng ENG,MF,West Ham,24-020,1999,20,1,24,4,16.7,1.2,0.2,0.04,0.25,24.6,0,0,1,1.8,1,0.04,-0.8,0
383,Chris Richards,us USA,DFMF,Crystal Palace,22-312,2000,2.9,0,3,0,0,1.05,0,0,,10.7,0,0,0,0.2,0.2,0.06,-0.2,-0.2
384,Richarlison,br BRA,MFFW,Tottenham,25-269,1997,5.4,0,14,5,35.7,2.59,0.92,0,0,12.7,0,0,0,1.8,1.8,0.13,-1.8,-1.8
385,Jaïro Riedewald,nl NED,DFFW,Crystal Palace,26-147,1996,0.5,0,0,0,,0,0,,,,0,0,0,0,0,,0,0
386,Matt Ritchie,sct SCO,FW,Newcastle Utd,33-146,1989,0,0,0,0,,0,0,,,,0,0,0,0,0,,0,0
387,Andrew Robertson,sct SCO,DF,Liverpool,28-329,1994,13.7,0,5,1,20,0.36,0.07,0,0,15.4,0,0,0,0.4,0.4,0.07,-0.4,-0.4
388,Antonee Robinson,us USA,DF,Fulham,25-179,1997,17.3,0,1,0,0,0.06,0,0,,27.8,0,0,0,0,0,0.02,0,0
389,Marc Roca,es ESP,MF,Leeds United,26-069,1996,15.6,1,15,6,40,0.96,0.38,0.07,0.17,21.8,1,0,0,0.9,0.9,0.06,0.1,0.1
390,Marek Rodák,sk SVK,GK,Fulham,26-052,1996,2,0,0,0,,0,0,,,,0,0,0,0,0,,0,0
391,Rodri,es ESP,MF,Manchester City,26-226,1996,18.3,1,28,5,17.9,1.53,0.27,0.04,0.2,18.9,0,0,0,2.5,2.5,0.09,-1.5,-1.5
392,Rodrigo,es ESP,FWMF,Leeds United,31-334,1991,14.4,10,52,19,36.5,3.61,1.32,0.17,0.47,16.4,2,1,1,6.5,5.7,0.11,3.5,3.3
393,Mads Roerslev,dk DEN,DF,Brentford,23-224,1999,9,0,2,0,0,0.22,0,0,,14.2,0,0,0,0.2,0.2,0.12,-0.2,-0.2
394,Cristian Romero,ar ARG,DF,Tottenham,24-282,1998,12.3,0,6,2,33.3,0.49,0.16,0,0,14.7,0,0,0,0.7,0.7,0.11,-0.7,-0.7
395,Oriol Romeu,es ESP,MF,Southampton,31-132,1991,0.8,0,0,0,,0,0,,,,0,0,0,0,0,,0,0
396,Cristiano Ronaldo,pt POR,FW,Manchester Utd,37-363,1985,5.8,1,25,6,24,4.29,1.03,0.04,0.17,17.7,1,0,0,1.9,1.9,0.08,-0.9,-0.9
397,Connor Ronan,ie IRL,MF,Wolves,24-334,1998,0,0,0,0,,0,0,,,,0,0,0,0,0,,0,0
398,Salomón Rondón,ve VEN,FW,Everton,33-140,1989,1.2,0,4,1,25,3.3,0.83,0,0,19.3,0,0,0,0.8,0.8,0.2,-0.8,-0.8
399,Joe Rothwell,eng ENG,MFDF,Bournemouth,28-023,1995,1.5,0,1,1,100,0.68,0.68,0,0,29.6,1,0,0,0,0,0.03,0,0
400,José Sá,pt POR,GK,Wolves,30-017,1993,20,0,0,0,,0,0,,,,0,0,0,0,0,,0,0
401,Allan Saint-Maximin,fr FRA,FW,Newcastle Utd,25-328,1997,5.4,1,14,5,35.7,2.6,0.93,0.07,0.2,17.5,0,0,0,1,1,0.07,0,0
402,Bukayo Saka,eng ENG,FW,Arsenal,21-151,2001,18,7,38,13,34.2,2.11,0.72,0.16,0.46,15.3,0,1,1,5.9,5.3,0.14,1.1,0.7
403,Mohamed Salah,eg EGY,FW,Liverpool,30-233,1992,18.7,7,60,24,40,3.2,1.28,0.12,0.29,14.6,0,0,0,9,9,0.15,-2,-2
404,William Saliba,fr FRA,DF,Arsenal,21-316,2001,18.8,2,5,3,60,0.27,0.16,0.4,0.67,10.4,0,0,0,0.9,0.9,0.18,1.1,1.1
405,Mohammed Salisu,gh GHA,DF,Southampton,23-292,1999,19,0,14,3,21.4,0.74,0.16,0,0,10.7,0,0,0,1.2,1.2,0.08,-1.2,-1.2
406,Albert Sambi Lokonga,be BEL,MF,Arsenal,23-104,1999,2.2,0,0,0,,0,0,,,,0,0,0,0,0,,0,0
407,Davinson Sánchez,co COL,DF,Tottenham,26-236,1996,6.2,0,4,2,50,0.65,0.32,0,0,13,0,0,0,0.3,0.3,0.08,-0.3,-0.3
408,Robert Sánchez,es ESP,GK,Brighton,25-077,1997,19,0,0,0,,0,0,,,,0,0,0,0,0,,0,0
409,Jadon Sancho,eng ENG,FW,Manchester Utd,22-315,2000,7.9,2,7,4,57.1,0.88,0.5,0.29,0.5,15.6,0,0,0,1.6,1.6,0.23,0.4,0.4
410,Morgan Sanson,fr FRA,MF,Aston Villa,28-169,1994,0.1,0,0,0,,0,0,,,,0,0,0,0,0,,0,0
411,Pablo Sarabia,es ESP,FW,Wolves,30-268,1992,0.5,0,3,0,0,6,0,0,,13,0,0,0,0.3,0.3,0.09,-0.3,-0.3
412,Jeremy Sarmiento,ec ECU,MF,Brighton,20-232,2002,1.5,0,3,1,33.3,2.06,0.69,0,0,19.9,0,0,0,0.2,0.2,0.06,-0.2,-0.2
413,Gianluca Scamacca,it ITA,FW,West Ham,24-033,1999,10.3,3,30,10,33.3,2.92,0.97,0.1,0.3,18.7,1,0,0,2.5,2.5,0.08,0.5,0.5
414,Gustavo Scarpa,br BRA,MF,Nott'ham Forest,29-029,1994,1.2,0,5,1,20,4.29,0.86,0,0,26.4,0,0,0,0.2,0.2,0.03,-0.2,-0.2
415,Kevin Schade,de GER,FW,Brentford,21-068,2001,0.1,0,0,0,,0,0,,,,0,0,0,0,0,,0,0
416,Fabian Schär,ch SUI,DF,Newcastle Utd,31-045,1991,18.8,1,27,9,33.3,1.44,0.48,0.04,0.11,15,2,0,0,2.1,2.1,0.08,-1.1,-1.1
417,Jeffrey Schlupp,gh GHA,MF,Crystal Palace,30-042,1992,16.4,0,14,4,28.6,0.85,0.24,0,0,18.4,0,0,0,1.1,1.1,0.08,-1.1,-1.1
418,Nélson Semedo,pt POR,DF,Wolves,29-079,1993,12.2,0,2,0,0,0.16,0,0,,22,0,0,0,0.1,0.1,0.03,-0.1,-0.1
419,Marcos Senesi,ar ARG,DF,Bournemouth,25-269,1997,14.3,0,1,0,0,0.07,0,0,,8.9,0,0,0,0.1,0.1,0.14,-0.1,-0.1
420,Ryan Sessegnon,eng ENG,DF,Tottenham,22-261,2000,8.9,2,18,6,33.3,2.02,0.67,0.11,0.33,14.6,0,0,0,1.6,1.6,0.09,0.4,0.4
421,Luke Shaw,eng ENG,DF,Manchester Utd,27-206,1995,14.7,1,6,3,50,0.41,0.2,0.17,0.33,17.2,0,0,0,0.5,0.5,0.09,0.5,0.5
422,Jonjo Shelvey,eng ENG,MF,Newcastle Utd,30-341,1992,0.4,0,0,0,,0,0,,,,0,0,0,0,0,,0,0
423,Bernardo Silva,pt POR,MFFW,Manchester City,28-177,1994,14.7,2,16,4,25,1.09,0.27,0.13,0.5,17.7,0,0,0,1.4,1.4,0.09,0.6,0.6
424,Thiago Silva,br BRA,DF,Chelsea,38-134,1984,17.9,0,9,0,0,0.5,0,0,,12,0,0,0,1,1,0.11,-1,-1
425,Ellis Simms,eng ENG,FW,Everton,22-029,2001,0.2,0,0,0,,0,0,,,,0,0,0,0,0,,0,0
426,Luis Sinisterra,co COL,FW,Leeds United,23-231,1999,5.3,2,10,3,30,1.9,0.57,0.2,0.67,19.7,0,0,0,1.5,1.5,0.15,0.5,0.5
427,Oliver Skipp,eng ENG,MF,Tottenham,22-140,2000,2.2,0,1,1,100,0.45,0.45,0,0,12.6,0,0,0,0.1,0.1,0.06,-0.1,-0.1
428,Adam Smith,eng ENG,DF,Bournemouth,31-280,1991,18.2,0,3,1,33.3,0.16,0.05,0,0,12.5,0,0,0,0.4,0.4,0.13,-0.4,-0.4
429,Emile Smith Rowe,eng ENG,MFFW,Arsenal,22-190,2000,0.6,0,2,1,50,3.46,1.73,0,0,17.5,0,0,0,0.1,0.1,0.05,-0.1,-0.1
430,Cédric Soares,pt POR,DF,Arsenal,31-156,1991,0.3,0,0,0,,0,0,,,,0,0,0,0,0,,0,0
431,Dominic Solanke,eng ENG,FWMF,Bournemouth,25-142,1997,14.9,3,31,14,45.2,2.08,0.94,0.1,0.21,13.9,0,0,0,2.9,2.9,0.09,0.1,0.1
432,Manor Solomon,il ISR,FW,Fulham,23-194,1999,0.5,0,1,1,100,2.05,2.05,0,0,21.8,0,0,0,0,0,0.03,0,0
433,Tomáš Souček,cz CZE,MF,West Ham,27-341,1995,17.3,1,18,6,33.3,1.04,0.35,0.06,0.17,11.3,0,0,0,2.5,2.5,0.14,-1.5,-1.5
434,Boubakary Soumaré,fr FRA,MF,Leicester City,23-341,1999,9.3,0,1,0,0,0.11,0,0,,28,0,0,0,0,0,0.03,0,0
435,Çağlar Söyüncü,tr TUR,DF,Leicester City,26-256,1996,0.8,0,0,0,,0,0,,,,0,0,0,0,0,,0,0
436,Djed Spence,eng ENG,FWDF,Tottenham,22-178,2000,0.1,0,1,0,0,12.86,0,0,,8.9,0,0,0,0.1,0.1,0.06,-0.1,-0.1
437,Jack Stacey,eng ENG,DF,Bournemouth,26-303,1996,3.3,0,1,0,0,0.3,0,0,,16,0,0,0,0.1,0.1,0.09,-0.1,-0.1
438,Junior Stanislas,eng ENG,MF,Bournemouth,33-069,1989,0.7,0,1,0,0,1.48,0,0,,24.5,0,0,0,0,0,0.04,0,0
439,Jay Stansfield,eng ENG,FW,Fulham,20-071,2002,1,0,2,0,0,2.07,0,0,,13.9,0,0,0,0.3,0.3,0.13,-0.3,-0.3
440,Jack Stephens,eng ENG,DF,Southampton,29-007,1994,0.5,0,0,0,,0,0,,,,0,0,0,0,0,,0,0
441,Jack Stephens,eng ENG,DF,Bournemouth,29-007,1994,2,0,0,0,,0,0,,,,0,0,0,0,0,,0,0
442,Raheem Sterling,eng ENG,FWMF,Chelsea,28-057,1994,12.4,4,20,9,45,1.62,0.73,0.2,0.44,12.4,0,0,0,3.4,3.4,0.17,0.6,0.6
443,John Stones,eng ENG,DF,Manchester City,28-251,1994,13.1,0,7,1,14.3,0.53,0.08,0,0,13,0,0,0,0.6,0.6,0.08,-0.6,-0.6
444,Pascal Struijk,nl NED,DF,Leeds United,23-176,1999,17.7,2,12,5,41.7,0.68,0.28,0.17,0.4,13,0,0,0,1,1,0.09,1,1
445,Crysencio Summerville,nl NED,FW,Leeds United,21-096,2001,6.2,4,11,5,45.5,1.78,0.81,0.36,0.8,14.6,0,0,0,1.5,1.5,0.14,2.5,2.5
446,Sam Surridge,eng ENG,FW,Nott'ham Forest,24-190,1998,2.7,1,8,2,25,2.93,0.73,0.13,0.5,10.8,0,0,0,1.7,1.7,0.21,-0.7,-0.7
447,Japhet Tanganga,eng ENG,DF,Tottenham,23-309,1999,0.7,0,0,0,,0,0,,,,0,0,0,0,0,,0,0
448,Matt Targett,eng ENG,DF,Newcastle Utd,27-138,1995,4.7,0,1,0,0,0.21,0,0,,25.8,0,0,0,0,0,0.01,0,0
449,James Tarkowski,eng ENG,DF,Everton,30-076,1992,20,0,13,5,38.5,0.65,0.25,0,0,10.2,0,0,0,1,1,0.08,-1,-1
450,Marcus Tavernier,eng ENG,MFFW,Bournemouth,23-318,1999,14.3,2,25,8,32,1.75,0.56,0.08,0.25,17.3,2,0,0,1.7,1.7,0.07,0.3,0.3
451,Kenny Tete,nl NED,DF,Fulham,27-117,1995,13.7,0,6,3,50,0.44,0.22,0,0,19.9,0,0,0,0.3,0.3,0.05,-0.3,-0.3
452,Luke Thomas,eng ENG,DF,Leicester City,21-238,2001,7.6,0,2,0,0,0.26,0,0,,11.5,0,0,0,0.1,0.1,0.03,-0.1,-0.1
453,Youri Tielemans,be BEL,MF,Leicester City,25-272,1997,17.3,3,22,7,31.8,1.27,0.4,0.09,0.29,27.6,1,1,2,2.3,0.7,0.03,0.7,1.3
454,Kieran Tierney,sct SCO,DF,Arsenal,25-243,1997,5.2,0,5,2,40,0.96,0.38,0,0,25.2,0,0,0,0.3,0.3,0.05,-0.3,-0.3
455,Harry Toffolo,eng ENG,DF,Nott'ham Forest,27-168,1995,6.8,0,3,0,0,0.44,0,0,,18.1,0,0,0,0.2,0.2,0.06,-0.2,-0.2
456,Takehiro Tomiyasu,jp JPN,DF,Arsenal,24-090,1998,5.6,0,1,0,0,0.18,0,0,,11.5,0,0,0,0.1,0.1,0.08,-0.1,-0.1
457,James Tomkins,eng ENG,DF,Crystal Palace,33-311,1989,1.7,0,1,0,0,0.57,0,0,,25.5,0,0,0,0,0,0.04,0,0
458,Ivan Toney,eng ENG,FW,Brentford,26-324,1996,17.9,13,48,18,37.5,2.68,1.01,0.19,0.5,14.7,5,4,4,10.6,7.4,0.16,2.4,1.6
459,Adama Traoré,es ESP,FWMF,Wolves,27-009,1996,9,1,10,3,30,1.12,0.33,0.1,0.33,15.7,0,0,0,0.7,0.7,0.07,0.3,0.3
460,Boubacar Traoré,ml MLI,MF,Wolves,21-167,2001,4.3,0,3,0,0,0.7,0,0,,29.3,0,0,0,0.1,0.1,0.02,-0.1,-0.1
461,Mark Travers,ie IRL,GK,Bournemouth,23-261,1999,10.5,0,0,0,,0,0,,,,0,0,0,0,0,,0,0
462,Kieran Trippier,eng ENG,DF,Newcastle Utd,32-137,1990,19.7,1,8,2,25,0.41,0.1,0.13,0.5,28.1,8,0,0,0.5,0.5,0.06,0.5,0.5
463,Leandro Trossard,be BEL,FWMF,Arsenal,28-061,1994,0.1,0,0,0,,0,0,,,,0,0,0,0,0,,0,0
464,Leandro Trossard,be BEL,FWMF,Brighton,28-061,1994,14.6,7,38,17,44.7,2.6,1.16,0.18,0.41,15,0,0,0,4.4,4.4,0.12,2.6,2.6
465,Kostas Tsimikas,gr GRE,DF,Liverpool,26-267,1996,4.9,0,7,2,28.6,1.43,0.41,0,0,15.5,0,0,0,0.6,0.6,0.09,-0.6,-0.6
466,Deniz Undav,de GER,FWMF,Brighton,26-199,1996,1.1,0,6,1,16.7,5.35,0.89,0,0,12.9,0,0,0,0.6,0.6,0.09,-0.6,-0.6
467,Yan Valery,tn TUN,DF,Southampton,23-346,1999,0.5,0,0,0,,0,0,,,,0,0,0,0,0,,0,0
468,Virgil van Dijk,nl NED,DF,Liverpool,31-210,1991,16.5,2,18,5,27.8,1.09,0.3,0.11,0.4,12.6,0,0,0,1.1,1.1,0.06,0.9,0.9
469,Raphaël Varane,fr FRA,DF,Manchester Utd,29-284,1993,12.4,0,1,0,0,0.08,0,0,,11.8,0,0,0,0,0,0.03,0,0
470,Jamie Vardy,eng ENG,FW,Leicester City,36-023,1987,12.6,1,16,7,43.8,1.27,0.55,0.06,0.14,12.5,0,0,0,2.5,2.5,0.15,-1.5,-1.5
471,Joël Veltman,nl NED,DF,Brighton,31-019,1992,13.3,0,5,1,20,0.38,0.08,0,0,15.4,0,0,0,0.6,0.6,0.12,-0.6,-0.6
472,Fabio Vieira,pt POR,MFFW,Arsenal,22-249,2000,2.8,1,7,2,28.6,2.52,0.72,0.14,0.5,21.7,0,0,0,0.3,0.3,0.05,0.7,0.7
473,Rúben Vinagre,pt POR,DFMF,Everton,23-300,1999,0.3,0,0,0,,0,0,,,,0,0,0,0,0,,0,0
474,Carlos Vinícius,br BRA,FW,Fulham,27-315,1995,4.7,1,8,4,50,1.69,0.84,0.13,0.25,12,0,0,0,1.1,1.1,0.13,-0.1,-0.1
475,Theo Walcott,eng ENG,FWMF,Southampton,33-324,1989,1.3,0,0,0,,0,0,,,,0,0,0,0,0,,0,0
476,Kyle Walker,eng ENG,DF,Manchester City,32-251,1990,7.8,0,2,0,0,0.26,0,0,,21.7,0,0,0,0.3,0.3,0.17,-0.3,-0.3
477,Kyle Walker-Peters,eng ENG,DF,Southampton,25-296,1997,15.6,1,6,2,33.3,0.39,0.13,0.17,0.5,15.6,0,0,0,0.7,0.7,0.12,0.3,0.3
478,Aaron Wan-Bissaka,eng ENG,DF,Manchester Utd,25-069,1997,5.8,0,1,0,0,0.17,0,0,,25.9,0,0,0,0,0,0.04,0,0
479,Danny Ward,wls WAL,GK,Leicester City,29-226,1993,20,0,0,0,,0,0,,,,0,0,0,0,0,,0,0
480,Joel Ward,eng ENG,DF,Crystal Palace,33-097,1989,14.4,0,1,0,0,0.07,0,0,,16.3,0,0,0,0,0,0.03,0,0
481,James Ward-Prowse,eng ENG,MF,Southampton,28-094,1994,20,5,21,9,42.9,1.05,0.45,0.24,0.56,25.6,9,0,1,2.6,1.6,0.08,2.4,3.4
482,Ollie Watkins,eng ENG,FW,Aston Villa,27-035,1995,17.1,4,39,19,48.7,2.28,1.11,0.1,0.21,11.3,0,0,0,5.9,5.9,0.16,-1.9,-1.9
483,Adam Webster,eng ENG,DF,Brighton,28-030,1995,13,0,13,1,7.7,1,0.08,0,0,11.7,0,0,0,1.3,1.3,0.1,-1.3,-1.3
484,Wout Weghorst,nl NED,FW,Manchester Utd,30-180,1992,1.8,0,1,0,0,0.57,0,0,,12.1,0,0,0,0.1,0.1,0.11,-0.1,-0.1
485,Danny Welbeck,eng ENG,FW,Brighton,32-069,1990,12.1,1,29,11,37.9,2.4,0.91,0.03,0.09,13.2,0,0,0,4.3,4.3,0.15,-3.3,-3.3
486,Ben White,eng ENG,DF,Arsenal,25-118,1997,16.8,0,5,0,0,0.3,0,0,,19.5,0,0,0,0.3,0.3,0.06,-0.3,-0.3
487,Harvey White,eng ENG,MF,Tottenham,21-137,2001,0.1,0,0,0,,0,0,,,,0,0,0,0,0,,0,0
488,Neco Williams,wls WAL,DF,Nott'ham Forest,21-296,2001,12.5,0,19,5,26.3,1.52,0.4,0,0,22,2,0,0,0.9,0.9,0.05,-0.9,-0.9
489,Willian,br BRA,FW,Fulham,34-178,1988,11.8,2,20,9,45,1.7,0.76,0.1,0.22,16,0,0,0,2.2,2.2,0.11,-0.2,-0.2
490,Joe Willock,eng ENG,MF,Newcastle Utd,23-167,1999,16.5,2,32,9,28.1,1.94,0.55,0.06,0.22,17.6,0,0,0,3.3,3.3,0.1,-1.3,-1.3
491,Callum Wilson,eng ENG,FW,Newcastle Utd,30-341,1992,11.5,6,38,15,39.5,3.29,1.3,0.13,0.33,12,0,1,1,7.3,6.6,0.17,-1.3,-1.6
492,Harry Wilson,wls WAL,FW,Fulham,25-318,1997,3.7,0,8,1,12.5,2.18,0.27,0,0,15.1,0,0,0,1.1,1.1,0.13,-1.1,-1.1
493,Yoane Wissa,cd COD,FW,Brentford,26-153,1996,9.4,4,20,8,40,2.13,0.85,0.2,0.5,14.7,0,0,0,3,3,0.15,1,1
494,Maximilian Wöber,at AUT,DF,Leeds United,24-364,1998,1.3,0,3,0,0,2.35,0,0,,21.1,1,0,0,0.2,0.2,0.06,-0.2,-0.2
495,Chris Wood,nz NZL,FW,Newcastle Utd,31-058,1991,5,2,8,3,37.5,1.61,0.61,0.13,0.33,14.7,0,1,1,1.8,1,0.13,0.2,0
496,Chris Wood,nz NZL,FW,Nott'ham Forest,31-058,1991,0.8,0,0,0,,0,0,,,,0,0,0,0,0,,0,0
497,Joe Worrall,eng ENG,DF,Nott'ham Forest,26-024,1997,13,0,4,0,0,0.31,0,0,,15.1,0,0,0,0.2,0.2,0.06,-0.2,-0.2
498,Granit Xhaka,ch SUI,MF,Arsenal,30-129,1992,18,3,21,5,23.8,1.17,0.28,0.14,0.6,19.3,3,0,0,2,2,0.09,1,1
499,Ryan Yates,eng ENG,MF,Nott'ham Forest,25-074,1997,15.5,0,25,5,20,1.62,0.32,0,0,16.9,0,0,0,2.2,2.2,0.09,-2.2,-2.2
500,Ashley Young,eng ENG,DF,Aston Villa,37-209,1985,12.6,1,7,2,28.6,0.56,0.16,0.14,0.5,26.8,0,0,0,0.2,0.2,0.03,0.8,0.8
501,Wilfried Zaha,ci CIV,FWMF,Crystal Palace,30-085,1992,18.5,6,39,16,41,2.11,0.87,0.15,0.38,17.6,0,0,2,5.1,3.3,0.09,0.9,2.7
502,Denis Zakaria,ch SUI,MF,Chelsea,26-075,1996,3.2,0,2,0,0,0.63,0,0,,16.9,0,0,0,0.2,0.2,0.09,-0.2,-0.2
503,Jordan Zemura,zw ZIM,DF,Bournemouth,23-081,1999,11.5,0,2,0,0,0.17,0,0,,9.5,0,0,0,0.2,0.2,0.09,-0.2,-0.2
504,Oleksandr Zinchenko,ua UKR,DF,Arsenal,26-050,1996,10,0,8,2,25,0.8,0.2,0,0,19.5,0,0,0,0.7,0.7,0.09,-0.7,-0.7
505,Hakim Ziyech,ma MAR,FWMF,Chelsea,29-321,1993,4.8,0,10,2,20,2.1,0.42,0,0,20.7,0,0,0,0.5,0.5,0.05,-0.5,-0.5
506,Kurt Zouma,fr FRA,DF,West Ham,28-099,1994,14.2,1,11,3,27.3,0.78,0.21,0.09,0.33,10.8,0,0,0,1.1,1.1,0.1,-0.1,-0.1
507,Martin Ødegaard,no NOR,MF,Arsenal,24-048,1998,16.9,8,48,15,31.3,2.85,0.89,0.17,0.53,19,5,0,0,5.5,5.5,0.11,2.5,2.5
